item_id,name,category,price,old_price,sellable_online,link,other_colors,short_description,designer,depth,height,width
69208026,BESTÅ,Bookcases & shelving units,1725.0,No old price,True,https://www.ikea.com/sa/en/p/besta-storage-combination-with-doors-black-brown-lappviken-sindvik-black-brown-clear-glass-s69208026/,Yes,"        Storage combination with doors,          180x42x112 cm",IKEA of Sweden/Marcus Arvonen,42.0,112.0,180.0
49306315,PAX,Wardrobes,3222.0,"SR 3,435",True,https://www.ikea.com/sa/en/p/pax-wardrobe-black-brown-uggdal-grey-glass-s49306315/,No,"        Wardrobe,          150x66x236 cm",IKEA of Sweden/Ehlén Johansson,66.0,236.0,150.0
29277352,ALGOT,Bookcases & shelving units,183.6,SR 266,True,https://www.ikea.com/sa/en/p/algot-wall-upright-shelves-s29277352/,No,"        Wall upright/shelves,          66x41/61x197 cm",Francis Cayouette,,197.0,66.0
395209,ODDBJÖRG,Chairs,28.0,SR 35,True,https://www.ikea.com/sa/en/p/oddbjoerg-chair-pad-grey-00395209/,No,"        Chair pad,          35 cm",IKEA of Sweden,,,
70328669,LIXHULT,Cabinets & cupboards,175.0,No old price,True,https://www.ikea.com/sa/en/p/lixhult-cabinet-metal-grey-70328669/,No,"        Cabinet,          60x35 cm",Jon Karlsson,35.0,35.0,60.0
50087072,LIATORP,Tables & desks,645.0,No old price,True,https://www.ikea.com/sa/en/p/liatorp-coffee-table-white-glass-50087072/,No,"        Coffee table,          93x93 cm",Carina Bengs,,51.0,93.0
39283003,BROR,Bookcases & shelving units,855.0,No old price,True,https://www.ikea.com/sa/en/p/bror-shelving-unit-with-cabinet-black-s39283003/,No,"        Shelving unit with cabinet,          85x40x190 cm",IKEA of Sweden,40.0,190.0,85.0
10460888,SMÅGÖRA,Children's furniture,495.0,No old price,True,https://www.ikea.com/sa/en/p/smagoera-wardrobe-white-10460888/,No,"        Wardrobe,          80x50x187 cm",IKEA of Sweden,50.0,187.0,80.0
49221298,EKEDALEN / LEIFARNE,Chairs,1575.0,No old price,True,https://www.ikea.com/sa/en/p/ekedalen-leifarne-table-and-4-chairs-dark-brown-white-s49221298/,No,"        Table and 4 chairs,          120/180 cm",Mia Lagerman/Ehlén Johansson,,,
99262432,SJÄLLAND,Outdoor furniture,380.0,SR 475,True,https://www.ikea.com/sa/en/p/sjaelland-table-outdoor-light-brown-light-grey-s99262432/,No,"        Table, outdoor,          71x71x73 cm",David Wahl,,73.0,71.0
69281804,BILLY / OXBERG,Bookcases & shelving units,915.0,No old price,True,https://www.ikea.com/sa/en/p/billy-oxberg-bookcase-with-glass-doors-white-s69281804/,Yes,"        Bookcase with glass-doors,          120x30x202 cm",Gillis Lundgren,30.0,202.0,120.0
30248537,SNIGLAR,Beds,295.0,No old price,True,https://www.ikea.com/sa/en/p/sniglar-cot-beech-30248537/,No,"        Cot,          60x120 cm",IKEA of Sweden,,80.0,66.0
40399314,KLIPPAN,Sofas & armchairs,1295.0,No old price,True,https://www.ikea.com/sa/en/p/klippan-2-seat-sofa-bomstad-black-40399314/,No,        2-seat sofa,IKEA of Sweden,88.0,66.0,177.0
59254165,INGATORP / INGOLF,Tables & desks,2725.0,No old price,True,https://www.ikea.com/sa/en/p/ingatorp-ingolf-table-and-4-chairs-white-nordvalla-beige-s59254165/,No,"        Table and 4 chairs,          110/155 cm",Ebba Strandmark/Carina Bengs,,74.0,87.0
90471581,KORNSJÖ,Chairs,375.0,No old price,True,https://www.ikea.com/sa/en/p/kornsjoe-storage-bench-black-90471581/,No,        Storage bench,Ebba Strandmark,47.0,51.0,70.0
347888,EDVALLA,TV & media furniture,25.0,No old price,True,https://www.ikea.com/sa/en/p/edvalla-drop-handle-black-00347888/,No,"        Drop handle,          18 mm",Francis Cayouette,11.0,,33.0
59184441,SVALNÄS,Bookcases & shelving units,2605.0,No old price,True,https://www.ikea.com/sa/en/p/svalnaes-wall-mounted-storage-combination-bamboo-white-s59184441/,No,"        Wall-mounted storage combination,          297x35x176 cm",Jon Karlsson,35.0,176.0,297.0
70264460,HÅLLÖ,Outdoor furniture,149.0,No old price,True,https://www.ikea.com/sa/en/p/halloe-seat-back-cushion-outdoor-black-70264460/,No,"        Seat/back cushion, outdoor,          116x47 cm",IKEA of Sweden,,,47.0
99279588,STUVA / FRITIDS,Chests of drawers & drawer units,375.0,No old price,True,https://www.ikea.com/sa/en/p/stuva-fritids-toy-storage-with-wheels-white-light-blue-s99279588/,Yes,"        Toy storage with wheels,          60x50x64 cm",Ebba Strandmark/IKEA of Sweden,50.0,64.0,60.0
30439457,NIKKEBY,Tables & desks,295.0,No old price,True,https://www.ikea.com/sa/en/p/nikkeby-chest-of-2-drawers-grey-green-30439457/,No,"        Chest of 2 drawers,          46x70 cm",L Hilland/J Karlsson,49.0,70.0,46.0
39305873,PAX,Wardrobes,3905.0,No old price,True,https://www.ikea.com/sa/en/p/pax-wardrobe-brown-stained-ash-effect-uggdal-grey-glass-s39305873/,No,"        Wardrobe,          200x66x236 cm",IKEA of Sweden/Ehlén Johansson,66.0,236.0,200.0
60247051,GAMLEBY,Chairs,295.0,No old price,True,https://www.ikea.com/sa/en/p/gamleby-chair-light-antique-stain-grey-60247051/,No,        Chair,Nike Karlsson,50.0,85.0,42.0
30323367,OXBERG,Bookcases & shelving units,200.0,No old price,True,https://www.ikea.com/sa/en/p/oxberg-glass-door-brown-ash-veneer-30323367/,Yes,"        Glass door,          40x192 cm",K Hagberg/M Hagberg,,192.0,40.0
49215693,LINNMON / GODVIN,Tables & desks,275.0,No old price,True,https://www.ikea.com/sa/en/p/linnmon-godvin-table-white-white-stained-oak-effect-white-s49215693/,No,"        Table,          150x75 cm",IKEA of Sweden,,74.0,75.0
79275138,HAVSTA,Cabinets & cupboards,2235.0,No old price,True,https://www.ikea.com/sa/en/p/havsta-storage-combination-white-s79275138/,Yes,"        Storage combination,          142x47x212 cm",IKEA of Sweden,47.0,212.0,142.0
19302998,PLATSA,Wardrobes,2800.0,"SR 3,500",True,https://www.ikea.com/sa/en/p/platsa-wardrobe-with-9-doors-white-sannidal-white-s19302998/,No,"        Wardrobe with 9 doors,          300x57x271 cm",IKEA of Sweden/Ola Wihlborg,57.0,271.0,300.0
80347163,VISTHUS,Chests of drawers & drawer units,845.0,No old price,True,https://www.ikea.com/sa/en/p/visthus-chest-of-8-drawers-grey-white-80347163/,No,"        Chest of 8 drawers,          122x96 cm",T Winkel/T Jacobsen,49.0,96.0,122.0
49227605,ENETRI,Bookcases & shelving units,412.0,SR 490,True,https://www.ikea.com/sa/en/p/enetri-shelving-unit-grey-s49227605/,Yes,"        Shelving unit,          170x158 cm",Niels Gammelgaard,33.0,158.0,170.0
80338408,BAGGANÄS,TV & media furniture,27.0,No old price,True,https://www.ikea.com/sa/en/p/bagganaes-knob-brass-colour-80338408/,Yes,"        Knob,          20 mm",H Preutz/A Fredriksson,28.0,,20.0
20467629,MYDAL,Beds,895.0,No old price,True,https://www.ikea.com/sa/en/p/mydal-bunk-bed-frame-white-20467629/,No,"        Bunk bed frame,          90x200 cm",IKEA of Sweden,,157.0,97.0
39276682,HÄLLAN,Cabinets & cupboards,2775.0,No old price,True,https://www.ikea.com/sa/en/p/haellan-storage-combination-with-doors-white-s39276682/,No,"        Storage combination with doors,          135x47x192 cm",Jon Karlsson,47.0,192.0,135.0
19297275,NORRÅKER / NORRÅKER,Bar furniture,1266.0,"SR 1,385",True,https://www.ikea.com/sa/en/p/norraker-norraker-bar-table-and-2-bar-stools-birch-birch-s19297275/,No,"        Bar table and 2 bar stools,          74 cm",J Karlsson/N Karlsson,,,
89030584,KALLAX,Bookcases & shelving units,555.0,No old price,True,https://www.ikea.com/sa/en/p/kallax-shelving-unit-with-4-inserts-white-s89030584/,Yes,"        Shelving unit with 4 inserts,          147x147 cm",Tord Björklund/IKEA of Sweden,39.0,147.0,147.0
295530,BESTÅ,Bookcases & shelving units,25.0,No old price,True,https://www.ikea.com/sa/en/p/besta-glass-shelf-glass-00295530/,No,"        Glass shelf,          56x16 cm",IKEA of Sweden,16.0,,56.0
20089242,TROFAST,Nursery furniture,25.0,No old price,True,https://www.ikea.com/sa/en/p/trofast-storage-box-white-20089242/,No,"        Storage box,          42x30x36 cm",Studio Copenhagen,,36.0,30.0
417635,YNGVAR,Café furniture,399.0,No old price,True,https://www.ikea.com/sa/en/p/yngvar-chair-red-00417635/,No,        Chair,IKEA of Sweden,51.0,71.0,53.0
39127395,PAX,Wardrobes,4870.0,No old price,True,https://www.ikea.com/sa/en/p/pax-wardrobe-white-fardal-high-gloss-white-s39127395/,Yes,"        Wardrobe,          300x60x201 cm",IKEA of Sweden/Ehlén Johansson,60.0,201.0,300.0
99302918,PLATSA,Beds,1767.0,"SR 1,885",True,https://www.ikea.com/sa/en/p/platsa-bed-frame-with-2-drawers-white-fonnes-s99302918/,No,"        Bed frame with 2 drawers,          142x244x103 cm",IKEA of Sweden,40.0,43.0,141.0
49265975,HAVSTA,Cabinets & cupboards,1590.0,No old price,True,https://www.ikea.com/sa/en/p/havsta-storage-combination-w-glass-doors-dark-brown-s49265975/,Yes,"        Storage combination w glass-doors,          81x47x212 cm",IKEA of Sweden,47.0,212.0,81.0
80290779,FLISAT,Children's furniture,139.0,No old price,True,https://www.ikea.com/sa/en/p/flisat-childrens-bench-adjustable-80290779/,No,        Children's bench,Sarah Fager,38.0,45.0,55.0
69297230,NORRÅKER / RÖNNINGE,Tables & desks,1976.0,"SR 2,125",True,https://www.ikea.com/sa/en/p/norraker-roenninge-table-and-4-chairs-birch-green-s69297230/,No,"        Table and 4 chairs,          125x74 cm",Maja Ganszyniec/J Karlsson/N Karlsson,,,74.0
50322239,KVISTBRO,Tables & desks,195.0,No old price,True,https://www.ikea.com/sa/en/p/kvistbro-storage-table-white-50322239/,No,"        Storage table,          61 cm",Francis Cayouette,,42.0,
20382932,RÅSKOG,Tables & desks,189.0,No old price,True,https://www.ikea.com/sa/en/p/raskog-trolley-white-20382932/,Yes,"        Trolley,          35x45x78 cm",Nike Karlsson,,78.0,45.0
333122,MALINDA,Chairs,25.0,SR 30,True,https://www.ikea.com/sa/en/p/malinda-chair-cushion-black-00333122/,No,"        Chair cushion,          40/35x38x7 cm",IKEA of Sweden,38.0,,
19252856,STUVA / FRITIDS,Children's furniture,675.0,No old price,True,https://www.ikea.com/sa/en/p/stuva-fritids-wardrobe-white-white-s19252856/,Yes,"        Wardrobe,          60x50x192 cm",Ebba Strandmark/IKEA of Sweden,50.0,192.0,60.0
29296874,EKEDALEN / EKEDALEN,Chairs,1245.0,No old price,False,https://www.ikea.com/sa/en/p/ekedalen-ekedalen-table-and-2-chairs-dark-brown-orrsta-light-grey-s29296874/,No,"        Table and 2 chairs,          80/120 cm",Ehlén Johansson,,,
90339290,FJÄLLBO,TV & media furniture,595.0,No old price,True,https://www.ikea.com/sa/en/p/fjaellbo-tv-bench-black-90339290/,No,"        TV bench,          150x36x54 cm",Johan Kroon,36.0,54.0,150.0
49278591,GRÖNLID,Beds,7610.0,No old price,True,https://www.ikea.com/sa/en/p/groenlid-corner-sofa-bed-5-seat-with-chaise-longue-ljungen-dark-red-s49278591/,Yes,"        Corner sofa-bed, 5-seat",Francis Cayouette/Ehlén Johansson/IKEA of Sweden,164.0,104.0,252.0
20426525,DELAKTIG,Beds,495.0,No old price,True,https://www.ikea.com/sa/en/p/delaktig-headboard-black-20426525/,No,"        Headboard,          160 cm",Tom Dixon,,70.0,150.0
99305851,PLATSA,Wardrobes,758.0,SR 885,True,https://www.ikea.com/sa/en/p/platsa-wardrobe-with-shoe-shelf-white-vaerd-white-s99305851/,No,"        Wardrobe with shoe shelf,          80x42x191 cm",IKEA of Sweden/Ola Wihlborg,42.0,191.0,80.0
347510,ENERYDA,Cabinets & cupboards,22.0,No old price,True,https://www.ikea.com/sa/en/p/eneryda-knob-chrome-plated-00347510/,Yes,"        Knob,          27 mm",Francis Cayouette,,,
89300156,PAX,Wardrobes,3695.0,No old price,True,https://www.ikea.com/sa/en/p/pax-wardrobe-white-flornes-dark-grey-s89300156/,No,"        Wardrobe,          200x60x236 cm",IKEA of Sweden/Ehlén Johansson,60.0,236.0,200.0
59265705,PAX,Wardrobes,8380.0,No old price,True,https://www.ikea.com/sa/en/p/pax-corner-wardrobe-white-forsand-vikedal-s59265705/,No,"        Corner wardrobe,          310/310x236 cm",Ehlén Johansson/IKEA of Sweden,,236.0,310.0
30351440,LISTERBY,Tables & desks,595.0,No old price,True,https://www.ikea.com/sa/en/p/listerby-coffee-table-brown-30351440/,No,"        Coffee table,          90 cm",Henrik Preutz,,45.0,
89280714,MÖRBYLÅNGA / BERNHARD,Chairs,5275.0,No old price,True,https://www.ikea.com/sa/en/p/moerbylanga-bernhard-table-and-4-chairs-oak-veneer-mjuk-golden-brown-s89280714/,No,"        Table and 4 chairs,          140x85 cm",Ola Wihlborg/S Lanneskog/J Marnell,,,85.0
50340163,NYHAMN,Beds,450.0,No old price,True,https://www.ikea.com/sa/en/p/nyhamn-foam-mattress-firm-50340163/,No,"        Foam mattress,          140x200 cm",IKEA of Sweden/L Hilland,,,140.0
400550,EKEDALEN,Bar furniture,345.0,No old price,True,https://www.ikea.com/sa/en/p/ekedalen-bar-stool-with-backrest-brown-orrsta-light-grey-00400550/,No,"        Bar stool with backrest,          75 cm",Ehlén Johansson,52.0,114.0,43.0
39127710,PAX,Wardrobes,875.0,No old price,True,https://www.ikea.com/sa/en/p/pax-wardrobe-white-bergsbo-white-s39127710/,Yes,"        Wardrobe,          100x60x236 cm",K Hagberg/M Hagberg/Ehlén Johansson/IKEA of Sweden,60.0,236.0,100.0
60428344,FREKVENS,Tables & desks,101.5,SR 145,True,https://www.ikea.com/sa/en/p/frekvens-side-table-black-60428344/,No,"        Side table,          66x32 cm",Jon Karlsson,,50.0,32.0
69239607,ALGOT,Bookcases & shelving units,347.0,SR 445,True,https://www.ikea.com/sa/en/p/algot-wall-upright-shelves-rod-s69239607/,No,"        Wall upright/shelves/rod,          132x41x197 cm",Francis Cayouette,41.0,197.0,132.0
95685100,TROFAST,Nursery furniture,15.0,No old price,True,https://www.ikea.com/sa/en/p/trofast-storage-box-white-95685100/,No,"        Storage box,          42x30x23 cm",Studio Copenhagen,,23.0,30.0
10306613,BRUSALI,TV & media furniture,345.0,No old price,True,https://www.ikea.com/sa/en/p/brusali-tv-bench-brown-10306613/,No,"        TV bench,          120x36x85 cm",IKEA of Sweden,36.0,85.0,120.0
60196358,SUNDVIK,Children's furniture,125.0,No old price,True,https://www.ikea.com/sa/en/p/sundvik-childrens-chair-white-60196358/,No,        Children's chair,IKEA of Sweden,29.0,55.0,28.0
50363649,KULLABERG,Bar furniture,140.0,SR 175,True,https://www.ikea.com/sa/en/p/kullaberg-stool-black-50363649/,Yes,        Stool,Sarah Fager,36.0,,36.0
29330811,LINNMON / LERBERG,Tables & desks,175.0,No old price,True,https://www.ikea.com/sa/en/p/linnmon-lerberg-table-white-blue-s29330811/,Yes,"        Table,          120x60 cm",IKEA of Sweden,,74.0,60.0
70364290,OLAUS,Bookcases & shelving units,19.0,No old price,True,https://www.ikea.com/sa/en/p/olaus-clip-on-basket-70364290/,No,        Clip-on basket,IKEA of Sweden,,15.0,13.0
40336595,HENRIKSDAL,Chairs,50.0,No old price,True,https://www.ikea.com/sa/en/p/henriksdal-chair-cover-graesbo-white-40336595/,No,        Chair cover,IKEA of Sweden,,,
59221189,VANGSTA / TEODORES,Chairs,925.0,No old price,True,https://www.ikea.com/sa/en/p/vangsta-teodores-table-and-4-chairs-white-white-s59221189/,No,"        Table and 4 chairs,          120/180 cm",David Wahl/IKEA of Sweden,,,
10471085,GRUVBYN,Chairs,545.0,No old price,True,https://www.ikea.com/sa/en/p/gruvbyn-chair-brown-nordvalla-dark-beige-10471085/,No,        Chair,"104.710.85 The chair legs are made of solid wood, which is a durable natural material.You sit comfortably thanks to the high back and seat with polyester wadding.For increased stability, re-tighten the screws about two weeks after assembly and when necessary.This chair has been tested for home use and meets the requirements for durability and safety, set forth in the following standards: EN 12520 and EN 1022.",59.0,107.0,51.0
29223830,LINNMON / HILVER,Tables & desks,775.0,No old price,True,https://www.ikea.com/sa/en/p/linnmon-hilver-table-white-bamboo-s29223830/,No,"        Table,          150x75 cm",IKEA of Sweden/Chenyi Ke/Johanna Asshoff,,85.0,75.0
90392046,BRIMNES,Chests of drawers & drawer units,445.0,No old price,True,https://www.ikea.com/sa/en/p/brimnes-chest-of-4-drawers-white-frosted-glass-90392046/,No,"        Chest of 4 drawers,          78x124 cm",K Hagberg/M Hagberg,46.0,124.0,78.0
60205188,ÄPPLARÖ,Outdoor furniture,309.0,No old price,True,https://www.ikea.com/sa/en/p/aepplaroe-one-seat-section-outdoor-brown-stained-brown-60205188/,No,"        One-seat section, outdoor",K Hagberg/M Hagberg,80.0,73.0,63.0
20359154,VADHOLMA,Trolleys,1895.0,No old price,True,https://www.ikea.com/sa/en/p/vadholma-kitchen-island-black-oak-20359154/,No,"        Kitchen island,          126x79x90 cm",Ebba Strandmark,79.0,90.0,126.0
50308002,TROFAST,Children's furniture,10.0,No old price,True,https://www.ikea.com/sa/en/p/trofast-storage-box-yellow-50308002/,No,"        Storage box,          42x30x10 cm",Studio Copenhagen,,10.0,30.0
19304209,LEIFARNE,Café furniture,275.0,No old price,True,https://www.ikea.com/sa/en/p/leifarne-chair-with-armrests-dark-yellow-dietmar-chrome-plated-s19304209/,No,        Chair with armrests,Mia Lagerman,50.0,87.0,53.0
295530,BESTÅ,TV & media furniture,25.0,No old price,True,https://www.ikea.com/sa/en/p/besta-glass-shelf-glass-00295530/,No,"        Glass shelf,          56x16 cm",IKEA of Sweden,16.0,,56.0
69297292,YPPERLIG / NILSOVE,Tables & desks,2575.0,No old price,True,https://www.ikea.com/sa/en/p/ypperlig-nilsove-table-and-4-chairs-ash-rattan-white-s69297292/,No,"        Table and 4 chairs,          200x90 cm",HAY/A Fredriksson/J Hultqvist/W Chong,,,90.0
60365346,MAMMUT,Children's furniture,59.0,No old price,True,https://www.ikea.com/sa/en/p/mammut-childrens-chair-in-outdoor-blue-60365346/,No,        Children's chair,M Kjelstrup/A Östgaard,36.0,67.0,39.0
30428915,EKET,Cabinets & cupboards,195.0,No old price,True,https://www.ikea.com/sa/en/p/eket-cabinet-with-2-drawers-white-30428915/,Yes,"        Cabinet with 2 drawers,          35x35x35 cm","304.289.15 A simple unit can be enough storage for a limited space or the foundation for a larger storage solution if your needs change.You can choose to place the cabinet on the floor or mount it on the wall to free up floor space.You can create your own unique solution by freely combining cabinets of different sizes, with or without doors and drawers.The drawers have integrated push-openers, so you don’t need knobs or handles and can open the drawer with just a light push.Must be completed with EKET suspension rail if you choose to mount the frame on the wall. This frame requires 1 suspension rail, 35 cm long, sold separately.To be completed with feet, legs or plinth if you choose to place the cabinet on the floor. Sold separately.The max load for a wall-hung cabinet depends on the wall material.",35.0,35.0,35.0
19103183,VÄSTANBY/VÄSTANÅ / BERNHARD,Tables & desks,4295.0,"SR 4,475",True,https://www.ikea.com/sa/en/p/vaestanby-vaestana-bernhard-table-and-4-chairs-dark-brown-kavat-white-s19103183/,No,"        Table and 4 chairs,          170 cm",Chris Martin/Ola Wihlborg/IKEA of Sweden,,75.0,78.0
20295925,TINGBY,Tables & desks,199.0,No old price,True,https://www.ikea.com/sa/en/p/tingby-side-table-on-castors-white-20295925/,No,"        Side table on castors,          64x64 cm","202.959.25 Separate shelf for magazines, etc. helps you keep your things organised and the table top clear.The castors make it easy to move the table if needed.",,45.0,64.0
335885,SKÅDIS,Bookcases & shelving units,6.0,SR 10/4 pack,True,https://www.ikea.com/sa/en/p/skadis-connector-for-algot-white-00335885/,No,        Connector for ALGOT,Eva Lilja Löwenhielm,2.0,4.0,5.0
49302874,IVAR,Bookcases & shelving units,453.0,No old price,True,https://www.ikea.com/sa/en/p/ivar-shelving-unit-w-shelves-rails-cover-s49302874/,No,"        Shelving unit w shelves/rails/cover,          89x50x179 cm",IKEA of Sweden,50.0,179.0,89.0
80221352,VITTSJÖ,Tables & desks,159.0,No old price,True,https://www.ikea.com/sa/en/p/vittsjoe-laptop-table-black-brown-glass-80221352/,No,"        Laptop table,          100x36 cm",Johan Kroon,36.0,74.0,100.0
392041,BRIMNES,Chests of drawers & drawer units,325.0,No old price,True,https://www.ikea.com/sa/en/p/brimnes-chest-of-3-drawers-white-frosted-glass-00392041/,No,"        Chest of 3 drawers,          78x95 cm",K Hagberg/M Hagberg,46.0,95.0,78.0
20033919,ALSEDA,Sofas & armchairs,195.0,No old price,True,https://www.ikea.com/sa/en/p/alseda-stool-banana-fibre-20033919/,No,        Stool,IKEA of Sweden,,18.0,
29331354,LINNMON / KRILLE,Tables & desks,475.0,No old price,True,https://www.ikea.com/sa/en/p/linnmon-krille-table-light-grey-white-s29331354/,Yes,"        Table,          150x75 cm",Francis Cayouette/IKEA of Sweden,,74.0,75.0
69251821,MÖRBYLÅNGA / VOLFGANG,Tables & desks,3795.0,No old price,True,https://www.ikea.com/sa/en/p/moerbylanga-volfgang-table-and-4-chairs-brown-bomstad-black-s69251821/,No,"        Table and 4 chairs,          140x85 cm",S Lanneskog/J Marnell/IKEA of Sweden,,74.0,85.0
10323599,BILLSBRO,Bookcases & shelving units,69.0,No old price,True,https://www.ikea.com/sa/en/p/billsbro-handle-stainless-steel-colour-10323599/,Yes,"        Handle,          2220 mm",H Preutz/A Fredriksson,,,
69248386,IVAR,Bookcases & shelving units,1110.0,No old price,True,https://www.ikea.com/sa/en/p/ivar-3-sections-shelves-pine-s69248386/,No,"        3 sections/shelves,          259x30x179 cm",IKEA of Sweden,30.0,179.0,259.0
49229925,ÅMLIDEN / KRILLE,Tables & desks,595.0,No old price,True,https://www.ikea.com/sa/en/p/amliden-krille-table-grey-green-white-s49229925/,No,"        Table,          120x60 cm",Francis Cayouette/Jomi Evers,,74.0,60.0
9102532,TROFAST,Nursery furniture,395.0,No old price,True,https://www.ikea.com/sa/en/p/trofast-storage-combination-light-white-stained-pine-pine-white-s09102532/,No,"        Storage combination,          94x44x52 cm",Studio Copenhagen,44.0,52.0,94.0
89286382,EKET,Bookcases & shelving units,640.0,SR 750,True,https://www.ikea.com/sa/en/p/eket-wall-mounted-cabinet-combination-white-white-stained-oak-effect-s89286382/,Yes,"        Wall-mounted cabinet combination,          175x25x70 cm",Jon Karlsson/IKEA of Sweden,25.0,70.0,175.0
59282998,BROR,Bookcases & shelving units,580.0,No old price,True,https://www.ikea.com/sa/en/p/bror-shelving-unit-black-s59282998/,No,"        Shelving unit,          85x55x190 cm",IKEA of Sweden,55.0,190.0,85.0
49272706,BROR,Bookcases & shelving units,1345.0,No old price,True,https://www.ikea.com/sa/en/p/bror-shelving-unit-black-s49272706/,No,"        Shelving unit,          234x55x190 cm",IKEA of Sweden,55.0,190.0,234.0
19325457,HÄSSELBY,Sofas & armchairs,1295.0,No old price,True,https://www.ikea.com/sa/en/p/haesselby-3-seat-sofa-knisa-grey-s19325457/,No,        3-seat sofa,193.254.57 The cover is easy to keep clean as it is removable and can be machine washed.,81.0,81.0,176.0
19275075,STUVA / FRITIDS,Children's furniture,1545.0,No old price,True,https://www.ikea.com/sa/en/p/stuva-fritids-wardrobe-white-white-s19275075/,Yes,"        Wardrobe,          120x50x192 cm",Ebba Strandmark/IKEA of Sweden,50.0,192.0,120.0
29184433,SVALNÄS,Bookcases & shelving units,1620.0,No old price,True,https://www.ikea.com/sa/en/p/svalnaes-wall-mounted-shelf-combination-bamboo-s29184433/,No,"        Wall-mounted shelf combination,          193x25x176 cm",Jon Karlsson,25.0,176.0,193.0
79272677,BROR,Bookcases & shelving units,1335.0,No old price,True,https://www.ikea.com/sa/en/p/bror-shelving-unit-with-cabinets-s79272677/,No,"        Shelving unit with cabinets,          161x40x133 cm",IKEA of Sweden,40.0,133.0,161.0
99020476,BILLY / GNEDBY,Bookcases & shelving units,940.0,No old price,True,https://www.ikea.com/sa/en/p/billy-gnedby-bookcase-black-brown-s99020476/,Yes,"        Bookcase,          200x28x202 cm",IKEA of Sweden/Gillis Lundgren,28.0,202.0,200.0
60303481,MALSJÖ,Cabinets & cupboards,1516.0,"SR 1,895",True,https://www.ikea.com/sa/en/p/malsjoe-glass-door-cabinet-black-stained-black-stained-60303481/,No,"        Glass-door cabinet,          103x48x141 cm",Carina Bengs,48.0,141.0,103.0
89309722,IVAR,Bookcases & shelving units,235.0,No old price,True,https://www.ikea.com/sa/en/p/ivar-shelving-unit-pine-s89309722/,No,"        Shelving unit,          89x30x124 cm",IKEA of Sweden,30.0,124.0,89.0
30434186,ALGOT,Bookcases & shelving units,30.0,No old price,True,https://www.ikea.com/sa/en/p/algot-shelf-metal-black-30434186/,No,"        Shelf,          60x38 cm",Francis Cayouette,38.0,,60.0
19289954,LIDHULT,Sofas & armchairs,1750.0,No old price,True,https://www.ikea.com/sa/en/p/lidhult-corner-section-lejde-red-brown-s19289954/,Yes,        Corner section,Henrik Preutz,,,
69326609,SLÄKT,Beds,540.0,No old price,False,https://www.ikea.com/sa/en/p/slaekt-ext-bed-frame-with-slatted-bed-base-white-birch-s69326609/,No,"        Ext bed frame with slatted bed base,          80x200 cm",IKEA of Sweden/Ebba Strandmark,,,91.0
80318165,IVAR,Bookcases & shelving units,49.0,No old price,True,https://www.ikea.com/sa/en/p/ivar-shelf-pine-80318165/,No,"        Shelf,          83x50 cm",IKEA of Sweden,50.0,,83.0
99222257,LINNMON / ALVARET,Tables & desks,465.0,No old price,True,https://www.ikea.com/sa/en/p/linnmon-alvaret-table-white-grey-s99222257/,No,"        Table,          120x60 cm",IKEA of Sweden/Jomi Evers,,74.0,60.0
40400529,EKEDALEN,Bar furniture,796.0,SR 995,True,https://www.ikea.com/sa/en/p/ekedalen-bar-table-brown-40400529/,No,"        Bar table,          120x80 cm",Ehlén Johansson,,105.0,80.0
20336619,HENRIKSDAL,Chairs,40.0,No old price,True,https://www.ikea.com/sa/en/p/henriksdal-cover-for-bar-stool-with-backrest-graesbo-white-20336619/,No,        Cover for bar stool with backrest,IKEA of Sweden,,,
40416587,HILLARED,Chairs,35.0,No old price,True,https://www.ikea.com/sa/en/p/hillared-chair-pad-anthracite-40416587/,No,"        Chair pad,          36x36x3.0 cm",IKEA of Sweden,36.0,,36.0
59177624,BILLY / OXBERG,Bookcases & shelving units,1735.0,No old price,True,https://www.ikea.com/sa/en/p/billy-oxberg-bookcase-brown-ash-veneer-s59177624/,Yes,"        Bookcase,          120x30x237 cm",Gillis Lundgren/K Hagberg/M Hagberg/IKEA of Sweden,30.0,237.0,120.0
29267334,ÄPPLARÖ,Outdoor furniture,2384.0,No old price,True,https://www.ikea.com/sa/en/p/aepplaroe-3-seat-modular-sofa-outdoor-with-footstool-brown-stained-brown-stained-froesoen-duvholmen-beige-s29267334/,Yes,"        3-seat modular sofa, outdoor,          143/223x80x84 cm",IKEA of Sweden/Eva Lilja Löwenhielm/K Hagberg/M Hagberg,80.0,84.0,223.0
99277122,BILLY / BOTTNA,Bookcases & shelving units,140.0,No old price,True,https://www.ikea.com/sa/en/p/billy-bottna-bookcase-with-display-shelf-white-beige-s99277122/,Yes,"        Bookcase with display shelf,          40x28x106 cm",K Hagberg/M Hagberg/Gillis Lundgren,28.0,106.0,40.0
29279186,LIXHULT,Cabinets & cupboards,700.0,No old price,True,https://www.ikea.com/sa/en/p/lixhult-cabinet-combination-grey-s29279186/,No,"        Cabinet combination,          120x35x92 cm",Jon Karlsson,35.0,70.0,120.0
10386450,SOLLERÖN,Outdoor furniture,460.0,No old price,True,https://www.ikea.com/sa/en/p/solleroen-armrest-section-outdoor-brown-10386450/,No,"        Armrest section, outdoor",Jonas Hultqvist,82.0,53.0,18.0
99304795,LANEBERG / SVENBERTIL,Tables & desks,1475.0,No old price,True,https://www.ikea.com/sa/en/p/laneberg-svenbertil-table-and-4-chairs-brown-black-black-s99304795/,No,"        Table and 4 chairs,          130/190x80 cm",K Hagberg/M Hagberg/Mia Lagerman,,,80.0
39285771,INGATORP / INGOLF,Tables & desks,3015.0,No old price,True,https://www.ikea.com/sa/en/p/ingatorp-ingolf-table-and-6-chairs-black-lingbo-multicolour-1-s39285771/,No,"        Table and 6 chairs,          155/215x87 cm",IKEA of Sweden/E Strandmark/Carina Bengs,,,87.0
10267046,KUNGSHOLMEN,Outdoor furniture,575.0,No old price,True,https://www.ikea.com/sa/en/p/kungsholmen-corner-section-outdoor-black-brown-10267046/,No,"        Corner section, outdoor",Nike Karlsson,80.0,73.0,80.0
49311492,JONAXEL,Bookcases & shelving units,95.0,No old price,True,https://www.ikea.com/sa/en/p/jonaxel-frame-with-clothes-rail-s49311492/,No,"        Frame with clothes rail,          50x51x104 cm",IKEA of Sweden,51.0,104.0,50.0
70265247,MÖLLARP,TV & media furniture,17.0,No old price,True,https://www.ikea.com/sa/en/p/moellarp-handle-black-70265247/,No,"        Handle,          106 mm",K Hagberg/M Hagberg,28.0,,9.0
70404875,FRANKLIN,Chairs,129.0,No old price,True,https://www.ikea.com/sa/en/p/franklin-bar-stool-with-backrest-foldable-white-white-70404875/,No,"        Bar stool with backrest, foldable,          63 cm",K Hagberg/M Hagberg,44.0,95.0,50.0
90336550,BENÖ,Outdoor furniture,9.0,No old price,True,https://www.ikea.com/sa/en/p/benoe-chair-pad-outdoor-90336550/,No,"        Chair pad, outdoor,          35 cm",Paulin Machado,,,
49265895,HAVSTA,Cabinets & cupboards,4580.0,No old price,True,https://www.ikea.com/sa/en/p/havsta-storage-comb-w-sliding-glass-doors-white-s49265895/,Yes,"        Storage comb w sliding glass doors,          242x47x212 cm",IKEA of Sweden,47.0,212.0,242.0
338407,BAGGANÄS,Cabinets & cupboards,35.0,No old price,True,https://www.ikea.com/sa/en/p/bagganaes-handle-brass-colour-00338407/,Yes,"        Handle,          143 mm",H Preutz/A Fredriksson,31.0,,9.0
50275596,OXBERG,Bookcases & shelving units,100.0,No old price,True,https://www.ikea.com/sa/en/p/oxberg-door-white-50275596/,Yes,"        Door,          40x97 cm",502.755.96 Adjustable hinges allow you to adjust the door horizontally and vertically.Behind the panel doors you can keep your belongings hidden and free from dust.Hinges included.Knobs included.1 door will fit BILLY bookcase 40 cm and 2 doors will fit BILLY bookcase 80 cm.Can be used on the corner unit only if the shelf next to it has no doors.The door does not fit bookcases purchased in the spring of 2014 or earlier.,,97.0,40.0
9184448,SVALNÄS,Bookcases & shelving units,620.0,No old price,True,https://www.ikea.com/sa/en/p/svalnaes-wall-mounted-workspace-combination-bamboo-s09184448/,No,"        Wall-mounted workspace combination,          86x35x176 cm",Jon Karlsson,35.0,176.0,86.0
50244741,MICKE,Tables & desks,690.0,No old price,True,https://www.ikea.com/sa/en/p/micke-corner-workstation-black-brown-50244741/,Yes,"        Corner workstation,          100x142 cm",Henrik Preutz,100.0,142.0,
90417909,KUDDARNA,Outdoor furniture,49.0,No old price,True,https://www.ikea.com/sa/en/p/kuddarna-chair-cushion-outdoor-beige-90417909/,Yes,"        Chair cushion, outdoor,          50x50 cm",IKEA of Sweden,50.0,,50.0
40332074,MÄSTERBY,Chairs,145.0,No old price,True,https://www.ikea.com/sa/en/p/maesterby-step-stool-beige-40332074/,No,        Step stool,Chris Martin,40.0,50.0,43.0
20391856,DUVHOLMEN,Outdoor furniture,75.0,No old price,True,https://www.ikea.com/sa/en/p/duvholmen-inner-cushion-for-seat-back-cushion-outdoor-grey-20391856/,No,"        Inner cushion for seat/back cushion,          71x45/42x45 cm",IKEA of Sweden,,,
69297268,NORRÅKER / NORRARYD,Tables & desks,915.0,"SR 1,045",True,https://www.ikea.com/sa/en/p/norraker-norraryd-table-and-2-chairs-birch-white-s69297268/,No,"        Table and 2 chairs,          74x74 cm",Nike Karlsson/J Karlsson/N Karlsson,,,74.0
10334319,BILLSBRO,Bookcases & shelving units,55.0,No old price,True,https://www.ikea.com/sa/en/p/billsbro-handle-white-10334319/,Yes,"        Handle,          720 mm",H Preutz/A Fredriksson,,,
70323600,BILLSBRO,TV & media furniture,19.0,No old price,True,https://www.ikea.com/sa/en/p/billsbro-handle-stainless-steel-colour-70323600/,No,"        Handle,          120 mm",H Preutz/A Fredriksson,,,
90446619,HÖGSMA,Trolleys,49.0,No old price,True,https://www.ikea.com/sa/en/p/hoegsma-chopping-board-bamboo-90446619/,No,"        Chopping board,          42x31 cm",IKEA of Sweden,,,30.0
99270465,LANDSKRONA,Sofas & armchairs,4295.0,No old price,True,https://www.ikea.com/sa/en/p/landskrona-4-seat-sofa-with-chaise-longue-gunnared-light-green-wood-s99270465/,Yes,        4-seat sofa,Tord Björklund/IKEA of Sweden,158.0,78.0,282.0
70302283,BRUSALI,Bookcases & shelving units,237.0,SR 395,True,https://www.ikea.com/sa/en/p/brusali-bookcase-brown-70302283/,No,"        Bookcase,          67x190 cm",IKEA of Sweden,33.0,190.0,67.0
59221165,GAMLARED / STEFAN,Tables & desks,565.0,No old price,True,https://www.ikea.com/sa/en/p/gamlared-stefan-table-and-2-chairs-light-antique-stain-brown-black-s59221165/,No,"        Table and 2 chairs,          85 cm",Mikael Axelsson/IKEA of Sweden,,,
29291857,SJÄLLAND,Outdoor furniture,3102.0,"SR 3,735",True,https://www.ikea.com/sa/en/p/sjaelland-table-6-reclining-chairs-outdoor-dark-grey-kuddarna-beige-s29291857/,Yes,"        Table+6 reclining chairs, outdoor,          156x90 cm",David Wahl/IKEA of Sweden,,73.0,90.0
19184339,BRIMNES,TV & media furniture,1265.0,No old price,True,https://www.ikea.com/sa/en/p/brimnes-tv-storage-combination-black-s19184339/,Yes,"        TV storage combination,          258x41x190 cm",K Hagberg/M Hagberg,41.0,190.0,258.0
70103250,INGOLF,Chairs,195.0,No old price,True,https://www.ikea.com/sa/en/p/ingolf-chair-white-70103250/,Yes,        Chair,Carina Bengs,52.0,91.0,43.0
59277652,VALLENTUNA,Beds,2932.0,"SR 3,665",True,https://www.ikea.com/sa/en/p/vallentuna-2-seat-modular-sofa-with-sofa-bed-and-storage-hillared-light-blue-s59277652/,Yes,        2-seat modular sofa with sofa-bed,IKEA of Sweden/Fredriksson/L Löwenhielm/Hilland,113.0,84.0,186.0
99011764,MELLTORP / MARIUS,Chairs,149.0,SR 175,True,https://www.ikea.com/sa/en/p/melltorp-marius-table-and-2-stools-white-black-s99011764/,No,"        Table and 2 stools,          75 cm",Ola Wihlborg/Lisa Norinder,,72.0,75.0
90347167,VISTHUS,Chests of drawers & drawer units,521.5,SR 745,True,https://www.ikea.com/sa/en/p/visthus-chest-of-6-drawers-grey-white-90347167/,No,"        Chest of 6 drawers,          63x126 cm",T Winkel/T Jacobsen,49.0,126.0,63.0
29296690,BEKANT,Tables & desks,6180.0,No old price,True,https://www.ikea.com/sa/en/p/bekant-conference-table-black-stained-ash-veneer-white-s29296690/,Yes,"        Conference table,          420x140 cm",K Malmvall/E Lilja Löwenhielm,,73.0,140.0
60400745,YNGVAR,Bar furniture,475.0,No old price,True,https://www.ikea.com/sa/en/p/yngvar-bar-stool-anthracite-60400745/,No,"        Bar stool,          75 cm",IKEA of Sweden,40.0,,40.0
20307037,GULLIVER,Nursery furniture,795.0,No old price,True,https://www.ikea.com/sa/en/p/gulliver-changing-table-white-20307037/,No,        Changing table,IKEA of Sweden,54.0,93.0,82.0
9189484,EKET,Bookcases & shelving units,978.0,No old price,True,https://www.ikea.com/sa/en/p/eket-wall-mounted-cabinet-combination-white-s09189484/,Yes,"        Wall-mounted cabinet combination,          105x35x70 cm",IKEA of Sweden/Jon Karlsson,35.0,70.0,105.0
59324248,PAX,Wardrobes,2710.0,No old price,True,https://www.ikea.com/sa/en/p/pax-wardrobe-combination-white-s59324248/,Yes,"        Wardrobe combination,          150x58x236 cm",IKEA of Sweden/Ehlén Johansson/Ola Wihlborg,58.0,236.0,150.0
99295593,VIMLE,Sofas & armchairs,3535.0,No old price,True,https://www.ikea.com/sa/en/p/vimle-3-seat-sofa-with-chaise-longue-with-headrest-gunnared-medium-grey-s99295593/,Yes,        3-seat sofa,Ehlén Johansson,164.0,103.0,252.0
50328665,LIXHULT,Cabinets & cupboards,89.0,No old price,True,https://www.ikea.com/sa/en/p/lixhult-cabinet-metal-white-50328665/,Yes,"        Cabinet,          25x25 cm",Jon Karlsson,25.0,25.0,25.0
59157541,ELVARLI,Wardrobes,924.0,"SR 1,050",True,https://www.ikea.com/sa/en/p/elvarli-2-sections-white-s59157541/,No,"        2 sections,          175x51x222-350 cm",Ehlén Johansson,50.0,,175.0
20308697,TROFAST,Children's furniture,320.0,No old price,True,https://www.ikea.com/sa/en/p/trofast-frame-light-white-stained-pine-pine-20308697/,No,"        Frame,          94x52 cm",Studio Copenhagen,44.0,52.0,94.0
80331973,VUKU,Wardrobes,49.0,No old price,True,https://www.ikea.com/sa/en/p/vuku-wardrobe-white-80331973/,No,"        Wardrobe,          74x51x149 cm",J Karlsson/W Chong,51.0,149.0,74.0
39221307,EKEDALEN / HENRIKSDAL,Chairs,2765.0,No old price,True,https://www.ikea.com/sa/en/p/ekedalen-henriksdal-table-and-6-chairs-dark-brown-orrsta-light-grey-s39221307/,No,"        Table and 6 chairs,          180/240 cm",IKEA of Sweden/Ehlén Johansson,,,
70391712,FRÖSÖN,Outdoor furniture,39.0,No old price,True,https://www.ikea.com/sa/en/p/froesoen-cover-for-back-cushion-outdoor-beige-70391712/,Yes,"        Cover for back cushion,          62x44 cm",Eva Lilja Löwenhielm,,,62.0
69017833,BILLY / MORLIDEN,Cabinets & cupboards,1770.0,No old price,True,https://www.ikea.com/sa/en/p/billy-morliden-bookcase-white-s69017833/,Yes,"        Bookcase,          160x30x237 cm",IKEA of Sweden/Gillis Lundgren,30.0,237.0,160.0
80417636,YNGVAR,Chairs,395.0,No old price,True,https://www.ikea.com/sa/en/p/yngvar-chair-anthracite-80417636/,No,        Chair,IKEA of Sweden,51.0,71.0,53.0
49301921,BESTÅ,Bookcases & shelving units,1155.0,No old price,True,https://www.ikea.com/sa/en/p/besta-storage-combination-w-glass-doors-black-brown-glassvik-stallarp-dark-red-brown-clear-glass-s49301921/,Yes,"        Storage combination w glass doors,          60x22x202 cm",Carl Öjerstam/IKEA of Sweden,22.0,202.0,60.0
20308701,TROFAST,Children's furniture,165.0,No old price,True,https://www.ikea.com/sa/en/p/trofast-wall-storage-light-white-stained-pine-pine-20308701/,No,"        Wall storage,          93x30 cm",Mia Lagerman,21.0,30.0,93.0
19214322,LINNMON / ADILS,Tables & desks,165.0,SR 235,True,https://www.ikea.com/sa/en/p/linnmon-adils-table-beige-white-s19214322/,Yes,"        Table,          150x75 cm",IKEA of Sweden,,74.0,75.0
19285866,NORDEN / RÅSKOG,Chairs,1067.0,"SR 1,109",True,https://www.ikea.com/sa/en/p/norden-raskog-table-and-2-stools-birch-black-s19285866/,No,"        Table and 2 stools,          89/152 cm",Nike Karlsson,,,
49297293,TINGBY / NILSOVE,Chairs,2575.0,No old price,True,https://www.ikea.com/sa/en/p/tingby-nilsove-table-and-4-chairs-white-rattan-white-s49297293/,No,"        Table and 4 chairs,          180x90 cm",Mikael Warnhammar/A Fredriksson/J Hultqvist/W Chong,,,90.0
257953,GONATT,Beds,1095.0,No old price,True,https://www.ikea.com/sa/en/p/gonatt-cot-light-grey-00257953/,No,"        Cot,          60x120 cm",J Asshoff/H Brogård,,103.0,66.0
59297481,FLOTTEBO,Beds,1596.0,"SR 1,995",True,https://www.ikea.com/sa/en/p/flottebo-sofa-bed-vissle-dark-grey-s59297481/,Yes,"        Sofa-bed,          90 cm",C Halskov/H Dalsgaard,90.0,79.0,200.0
30441554,TIMMERVIKEN,Cabinets & cupboards,115.0,No old price,True,https://www.ikea.com/sa/en/p/timmerviken-door-black-30441554/,No,"        Door,          60x64 cm",304.415.54 The door keeps your belongings hidden and free from dust.You can choose to mount the door on the right or left side.To be completed with BESTÅ hinges.1 door requires 1 pack of hinges. Sold separately.May be completed with knobs or handles. Sold separately.Drill template for marking of hole positions for handles or knobs is sold separately.,,64.0,60.0
79902935,BRIMNES,Beds,575.0,No old price,True,https://www.ikea.com/sa/en/p/brimnes-bed-frame-with-storage-white-s79902935/,Yes,"        Bed frame with storage,          140x200 cm",K Hagberg/M Hagberg/IKEA of Sweden,54.0,20.0,146.0
19249406,HÄLLAN,Cabinets & cupboards,1400.0,No old price,True,https://www.ikea.com/sa/en/p/haellan-storage-combination-with-doors-white-s19249406/,No,"        Storage combination with doors,          90x47x167 cm",Jon Karlsson,47.0,167.0,90.0
99252541,LÅNGFJÄLL,Chairs,695.0,No old price,True,https://www.ikea.com/sa/en/p/langfjaell-office-chair-gunnared-light-brown-pink-white-s99252541/,Yes,        Office chair,Eva Lilja Löwenhielm,68.0,,68.0
99285042,VIMLE,Sofas & armchairs,4740.0,No old price,True,https://www.ikea.com/sa/en/p/vimle-corner-sofa-4-seat-orrsta-black-blue-s99285042/,Yes,"        Corner sofa, 4-seat",Ehlén Johansson,98.0,83.0,249.0
39337911,POÄNG,Children's furniture,179.0,No old price,True,https://www.ikea.com/sa/en/p/poaeng-childrens-armchair-birch-veneer-almas-beige-s39337911/,No,        Children's armchair,Noboru Nakamura,56.0,68.0,47.0
80213446,ÄPPLARÖ,Outdoor furniture,205.0,No old price,True,https://www.ikea.com/sa/en/p/aepplaroe-table-stool-section-outdoor-brown-stained-brown-80213446/,No,"        Table/stool section, outdoor,          63x63 cm",K Hagberg/M Hagberg,,28.0,63.0
80398633,GRÖNLID,Sofas & armchairs,900.0,No old price,True,https://www.ikea.com/sa/en/p/groenlid-footstool-with-storage-kimstad-dark-brown-80398633/,No,        Footstool with storage,Francis Cayouette,,49.0,73.0
9305247,PLATSA,TV & media furniture,307.0,SR 310,True,https://www.ikea.com/sa/en/p/platsa-tv-bench-white-s09305247/,No,"        TV bench,          120x42x44 cm",IKEA of Sweden,42.0,44.0,120.0
39230712,BILLY,Bookcases & shelving units,700.0,No old price,True,https://www.ikea.com/sa/en/p/billy-bookcase-combination-hght-extension-black-brown-s39230712/,No,"        Bookcase combination/hght extension,          120x28x237 cm",IKEA of Sweden/Gillis Lundgren,28.0,237.0,120.0
59287340,BILLY,Bookcases & shelving units,1085.0,No old price,True,https://www.ikea.com/sa/en/p/billy-bookcase-w-hght-ext-ut-pnl-glss-drs-brown-ash-veneer-s59287340/,Yes,"        Bookcase w hght ext ut/pnl/glss drs,          80x30x237 cm",Gillis Lundgren/IKEA of Sweden/K Hagberg/M Hagberg,30.0,237.0,80.0
60413502,HEMNES,Bookcases & shelving units,796.0,SR 995,True,https://www.ikea.com/sa/en/p/hemnes-bookcase-white-stain-light-brown-60413502/,Yes,"        Bookcase,          90x197 cm",Carina Bengs,37.0,197.0,90.0
30308395,RÅSKOG,Chairs,175.0,No old price,True,https://www.ikea.com/sa/en/p/raskog-bar-stool-beige-30308395/,No,"        Bar stool,          63 cm",Nike Karlsson,44.0,63.0,44.0
29294554,VITTSJÖ,Bookcases & shelving units,695.0,No old price,True,https://www.ikea.com/sa/en/p/vittsjoe-storage-combination-black-brown-glass-s29294554/,No,"        Storage combination,          202x36x175 cm",Johan Kroon,36.0,175.0,202.0
287808,HEJNE,Bookcases & shelving units,45.0,No old price,True,https://www.ikea.com/sa/en/p/hejne-shelf-softwood-00287808/,Yes,"        Shelf,          77x28 cm 2 pack",IKEA of Sweden,28.0,,77.0
30352246,RÅSKOG,Chairs,175.0,No old price,True,https://www.ikea.com/sa/en/p/raskog-bar-stool-black-30352246/,No,"        Bar stool,          63 cm",Nike Karlsson,44.0,63.0,44.0
90412426,NISSE,Chairs,49.0,No old price,True,https://www.ikea.com/sa/en/p/nisse-folding-chair-dark-blue-lilac-90412426/,No,        Folding chair,Lisa Norinder,47.0,76.0,45.0
79221310,EKEDALEN / EKEDALEN,Chairs,1640.0,No old price,True,https://www.ikea.com/sa/en/p/ekedalen-ekedalen-table-with-2-chairs-and-bench-dark-brown-orrsta-light-grey-s79221310/,No,"        Table with 2 chairs and bench,          120/180 cm",Ehlén Johansson,,,
90409607,ALEX,Tables & desks,795.0,No old price,True,https://www.ikea.com/sa/en/p/alex-desk-blue-90409607/,Yes,"        Desk,          131x60 cm",Johanna Asshoff,60.0,76.0,131.0
30275861,KALLAX,Room dividers,495.0,No old price,True,https://www.ikea.com/sa/en/p/kallax-shelving-unit-white-30275861/,Yes,"        Shelving unit,          147x147 cm",Tord Björklund,39.0,147.0,147.0
90435324,TOSSBERG,Chairs,495.0,No old price,True,https://www.ikea.com/sa/en/p/tossberg-chair-metal-black-grey-90435324/,No,        Chair,IKEA of Sweden,56.0,82.0,60.0
39288128,DELAKTIG,Beds,2495.0,No old price,True,https://www.ikea.com/sa/en/p/delaktig-bed-frame-headboard-2-side-tables-aluminium-black-s39288128/,No,"        Bed frame/headboard/2 side tables,          160x200 cm",IKEA of Sweden/Tom Dixon,,99.0,204.0
69221278,EKEDALEN / EKEDALEN,Tables & desks,1695.0,No old price,True,https://www.ikea.com/sa/en/p/ekedalen-ekedalen-table-and-4-chairs-dark-brown-orrsta-light-grey-s69221278/,No,"        Table and 4 chairs,          120/180 cm",Ehlén Johansson,,,
49294548,VITTSJÖ,Bookcases & shelving units,1035.0,No old price,True,https://www.ikea.com/sa/en/p/vittsjoe-storage-combination-black-brown-glass-s49294548/,No,"        Storage combination,          300x36x175 cm",Johan Kroon,36.0,175.0,300.0
69282399,BEKANT,Chests of drawers & drawer units,844.0,No old price,True,https://www.ikea.com/sa/en/p/bekant-storage-unit-on-legs-mesh-black-s69282399/,Yes,"        Storage unit on legs,          41x61 cm",Eva Lilja Löwenhielm,45.0,61.0,41.0
60419962,JONAXEL,Bookcases & shelving units,15.0,No old price,True,https://www.ikea.com/sa/en/p/jonaxel-wire-basket-white-60419962/,Yes,"        Wire basket,          25x51x15 cm",IKEA of Sweden,51.0,15.0,25.0
59048415,VÄDDÖ,Outdoor furniture,477.0,SR 795,True,https://www.ikea.com/sa/en/p/vaeddoe-table-4-chairs-outdoor-white-s59048415/,No,"        Table+4 chairs, outdoor",Henrik Preutz,,,
30442662,EKOLSUND,Sofas & armchairs,250.0,No old price,True,https://www.ikea.com/sa/en/p/ekolsund-cover-for-recliner-gunnared-light-brown-pink-30442662/,Yes,        Cover for recliner,Anna Palleschitz,94.0,97.0,85.0
397736,NORRARYD,Bar furniture,395.0,No old price,True,https://www.ikea.com/sa/en/p/norraryd-bar-stool-with-backrest-black-00397736/,No,"        Bar stool with backrest,          74 cm",Nike Karlsson,47.0,103.0,46.0
30334605,EKET,Bookcases & shelving units,220.0,SR 275,True,https://www.ikea.com/sa/en/p/eket-cabinet-w-2-doors-and-2-shelves-white-30334605/,Yes,"        Cabinet w 2 doors and 2 shelves,          70x25x70 cm",Jon Karlsson,25.0,70.0,70.0
89240761,HOLMSUND,Sofas & armchairs,2295.0,No old price,True,https://www.ikea.com/sa/en/p/holmsund-three-seat-sofa-bed-orrsta-light-white-grey-s89240761/,Yes,        Three-seat sofa-bed,K Hagberg/M Hagberg,99.0,96.0,230.0
19289303,DELAKTIG,Sofas & armchairs,2350.0,No old price,True,https://www.ikea.com/sa/en/p/delaktig-armchair-gunnared-light-brown-pink-s19289303/,Yes,        Armchair,Tom Dixon,84.0,79.0,94.0
30357003,KALLRÖR,Cabinets & cupboards,45.0,No old price,True,https://www.ikea.com/sa/en/p/kallroer-handle-stainless-steel-30357003/,No,"        Handle,          597 mm",IKEA of Sweden,38.0,,
29324320,PLATSA,Wardrobes,1606.0,"SR 1,785",True,https://www.ikea.com/sa/en/p/platsa-wardrobe-with-6-drawers-white-fonnes-white-s29324320/,No,"        Wardrobe with 6 drawers,          140x42x241 cm",IKEA of Sweden/Ola Wihlborg,42.0,241.0,140.0
39292465,VIMLE,Beds,4120.0,No old price,True,https://www.ikea.com/sa/en/p/vimle-3-seat-sofa-bed-with-open-end-tallmyra-black-grey-s39292465/,Yes,        3-seat sofa-bed,Ehlén Johansson/IKEA of Sweden,98.0,83.0,246.0
49240193,NORSBORG,Sofas & armchairs,2020.0,"SR 2,525",True,https://www.ikea.com/sa/en/p/norsborg-3-seat-sofa-edum-beige-birch-beige-s49240193/,Yes,        3-seat sofa,Ehlén Johansson,88.0,85.0,213.0
99323614,SMÅGÖRA,Tables & desks,370.0,No old price,True,https://www.ikea.com/sa/en/p/smagoera-changing-tbl-bookshelf-w-1-shlf-ut-white-s99323614/,No,        Changing tbl/bookshelf w 1 shlf ut,IKEA of Sweden,40.0,91.0,60.0
89128953,PÅHL,Children's furniture,325.0,No old price,True,https://www.ikea.com/sa/en/p/pahl-desk-white-s89128953/,Yes,"        Desk,          128x58 cm",S Fager/J Jelinek,58.0,,128.0
29259838,MÖRBYLÅNGA / VOLFGANG,Chairs,4745.0,No old price,True,https://www.ikea.com/sa/en/p/moerbylanga-volfgang-table-and-6-chairs-brown-gunnared-medium-grey-s29259838/,No,"        Table and 6 chairs,          220x100 cm",S Lanneskog/J Marnell,,74.0,100.0
9193754,KIVIK,Sofas & armchairs,2195.0,No old price,True,https://www.ikea.com/sa/en/p/kivik-three-seat-sofa-hillared-dark-blue-s09193754/,Yes,        Three-seat sofa,Ola Wihlborg,95.0,83.0,228.0
69229217,EKEDALEN / BERNHARD,Chairs,5465.0,No old price,True,https://www.ikea.com/sa/en/p/ekedalen-bernhard-table-and-6-chairs-brown-mjuk-white-s69229217/,No,"        Table and 6 chairs,          180/240 cm",Ehlén Johansson/Ola Wihlborg,,,
49898435,LÄCKÖ,Outdoor furniture,493.0,No old price,True,https://www.ikea.com/sa/en/p/laeckoe-table-2-chairs-outdoor-grey-s49898435/,No,"        Table+2 chairs, outdoor",Jon Karlsson,,,
29296906,MÖRBYLÅNGA / ODGER,Tables & desks,4265.0,No old price,True,https://www.ikea.com/sa/en/p/moerbylanga-odger-table-and-6-chairs-oak-veneer-blue-s29296906/,No,"        Table and 6 chairs,          220x100 cm",J Löfgren/J Pettersson/S Lanneskog/J Marnell,,,100.0
89278612,GRÖNLID,Sofas & armchairs,7610.0,No old price,True,https://www.ikea.com/sa/en/p/groenlid-corner-sofa-bed-5-seat-with-chaise-longue-sporda-natural-s89278612/,Yes,"        Corner sofa-bed, 5-seat",IKEA of Sweden/Ehlén Johansson/Francis Cayouette,164.0,104.0,252.0
30449908,LACK,Tables & desks,30.0,No old price,True,https://www.ikea.com/sa/en/p/lack-side-table-white-30449908/,Yes,"        Side table,          55x55 cm",IKEA of Sweden,,45.0,55.0
89241614,NORSBORG,Sofas & armchairs,340.0,SR 425,True,https://www.ikea.com/sa/en/p/norsborg-armrest-edum-bright-green-s89241614/,Yes,        Armrest,Ehlén Johansson,88.0,52.0,16.0
30323598,BILLSBRO,Cabinets & cupboards,49.0,No old price,True,https://www.ikea.com/sa/en/p/billsbro-handle-stainless-steel-colour-30323598/,No,"        Handle,          1880 mm",H Preutz/A Fredriksson,,,
40411410,VITVAL,Beds,200.0,No old price,True,https://www.ikea.com/sa/en/p/vitval-desk-top-white-40411410/,No,"        Desk top,          95x45 cm",IKEA of Sweden,45.0,73.0,95.0
30413495,HEMNES,Tables & desks,495.0,No old price,True,https://www.ikea.com/sa/en/p/hemnes-coffee-table-white-stain-light-brown-30413495/,Yes,"        Coffee table,          90x90 cm",Carina Bengs,,46.0,90.0
10459903,KALLAX,"Sideboards, buffets & console tables",295.0,No old price,True,https://www.ikea.com/sa/en/p/kallax-shelving-unit-white-green-10459903/,Yes,"        Shelving unit,          77x147 cm",Tord Björklund,39.0,147.0,77.0
79303645,SOLLERÖN,Outdoor furniture,2412.0,No old price,True,https://www.ikea.com/sa/en/p/solleroen-3-seat-modular-sofa-outdoor-dark-grey-kuddarna-beige-s79303645/,Yes,"        3-seat modular sofa, outdoor,          223x82x84 cm",Jonas Hultqvist/IKEA of Sweden,82.0,84.0,223.0
50374271,HEMNES,Tables & desks,375.0,No old price,True,https://www.ikea.com/sa/en/p/hemnes-chest-of-2-drawers-white-50374271/,Yes,"        Chest of 2 drawers,          54x66 cm",Carina Bengs,38.0,66.0,54.0
19830588,POÄNG,Chairs,995.0,No old price,True,https://www.ikea.com/sa/en/p/poaeng-armchair-birch-veneer-robust-glose-eggshell-s19830588/,Yes,        Armchair,Noboru Nakamura,82.0,100.0,68.0
99262168,ÄPPLARÖ,Outdoor furniture,2576.0,No old price,True,https://www.ikea.com/sa/en/p/aepplaroe-modular-corner-sofa-3-seat-outdoor-brown-stained-froesoen-duvholmen-dark-grey-s99262168/,Yes,"        Modular corner sofa 3-seat, outdoor,          143/223x80x84 cm",Eva Lilja Löwenhielm/K Hagberg/M Hagberg/IKEA of Sweden,80.0,84.0,223.0
450088,LACK,TV & media furniture,50.0,No old price,True,https://www.ikea.com/sa/en/p/lack-tv-bench-white-00450088/,Yes,"        TV bench,          90x26x45 cm",IKEA of Sweden,26.0,45.0,90.0
30338415,BAGGANÄS,Bookcases & shelving units,22.0,No old price,True,https://www.ikea.com/sa/en/p/bagganaes-knob-black-30338415/,Yes,"        Knob,          13 mm",H Preutz/A Fredriksson,24.0,,13.0
40322876,SVALNÄS,Bookcases & shelving units,270.0,No old price,True,https://www.ikea.com/sa/en/p/svalnaes-desk-space-with-2-drawers-bamboo-40322876/,No,"        Desk space with 2 drawers,          81x35 cm",Jon Karlsson,35.0,,81.0
9177626,BILLY,Bookcases & shelving units,305.0,No old price,True,https://www.ikea.com/sa/en/p/billy-bookcase-brown-ash-veneer-s09177626/,Yes,"        Bookcase,          40x28x237 cm",Gillis Lundgren/IKEA of Sweden,28.0,237.0,40.0
10364523,KALLVIKEN,TV & media furniture,170.0,No old price,True,https://www.ikea.com/sa/en/p/kallviken-door-dark-grey-concrete-effect-10364523/,No,"        Door,          60x64 cm",IKEA of Sweden,,64.0,60.0
39184324,HENRIKSDAL,Chairs,435.0,No old price,True,https://www.ikea.com/sa/en/p/henriksdal-bar-stool-with-backrest-brown-black-graesbo-white-s39184324/,No,"        Bar stool with backrest,          74 cm",IKEA of Sweden/Karl Malmvall,51.0,102.0,40.0
90218561,ALGOT,Bookcases & shelving units,29.0,No old price,True,https://www.ikea.com/sa/en/p/algot-drying-rack-white-90218561/,No,"        Drying rack,          60 cm",Francis Cayouette,38.0,,60.0
20382324,MAMMUT,Children's furniture,29.0,No old price,True,https://www.ikea.com/sa/en/p/mammut-childrens-stool-in-outdoor-yellow-20382324/,No,        Children's stool,M Kjelstrup/A Östgaard,,,35.0
29287676,SJÄLLAND,Outdoor furniture,1010.0,"SR 1,243",True,https://www.ikea.com/sa/en/p/sjaelland-table-2-chairs-w-armrests-outdoor-light-brown-kuddarna-light-blue-blue-s29287676/,Yes,"        Table+2 chairs w armrests, outdoor,          71x71x73 cm",David Wahl/IKEA of Sweden,,73.0,71.0
50434312,NILSOVE,Chairs,395.0,No old price,True,https://www.ikea.com/sa/en/p/nilsove-chair-with-armrests-rattan-white-50434312/,No,        Chair with armrests,A Fredriksson/J Hultqvist/W Chong,57.0,82.0,57.0
19255845,GRÖNLID,Sofas & armchairs,1135.0,No old price,True,https://www.ikea.com/sa/en/p/groenlid-cover-for-4-seat-sofa-with-chaise-longues-sporda-natural-s19255845/,Yes,        Cover for 4-seat sofa,Francis Cayouette,,,
9197436,KALLAX,Bookcases & shelving units,450.0,No old price,True,https://www.ikea.com/sa/en/p/kallax-shelving-unit-with-doors-white-s09197436/,No,"        Shelving unit with doors,          77x147 cm",Tord Björklund,39.0,147.0,77.0
20426276,SKOGSTORP,Chairs,795.0,No old price,True,https://www.ikea.com/sa/en/p/skogstorp-bench-oak-white-20426276/,No,"        Bench,          132 cm","204.262.76 Solid oak is a hardwearing natural material which gives a warm, natural feeling.Wood is a natural living material, and variations in the grain, colour and texture makes each piece of wood furniture unique.Each piece of furniture is unique as it is handmade.For maximum quality, re-tighten the screws when necessary.",36.0,45.0,132.0
69161203,RYDEBÄCK/BACKARYD / JANINGE,Tables & desks,1215.0,"SR 1,395",True,https://www.ikea.com/sa/en/p/rydebaeck-backaryd-janinge-table-and-4-chairs-white-yellow-s69161203/,No,"        Table and 4 chairs,          150 cm",IKEA of Sweden/John/Jonas/Petrus/Paul/Caroline/David Wahl,,75.0,78.0
165213,URBAN,Chairs,225.0,No old price,True,https://www.ikea.com/sa/en/p/urban-junior-chair-white-00165213/,No,        Junior chair,Carl Öjerstam,48.0,79.0,45.0
60365346,MAMMUT,Outdoor furniture,59.0,No old price,True,https://www.ikea.com/sa/en/p/mammut-childrens-chair-in-outdoor-blue-60365346/,No,        Children's chair,M Kjelstrup/A Östgaard,36.0,67.0,39.0
19203781,PLATSA,Wardrobes,1588.0,"SR 1,985",True,https://www.ikea.com/sa/en/p/platsa-wardrobe-white-fonnes-white-s19203781/,No,"        Wardrobe,          195-220x57x241 cm",IKEA of Sweden/Ola Wihlborg,57.0,241.0,160.0
50468953,VATTVIKEN,Beds,995.0,No old price,True,https://www.ikea.com/sa/en/p/vattviken-armchair-bed-lerhaga-light-grey-50468953/,No,        Armchair-bed,"504.689.53 Small and easy-to-place chair-bed which can easily be converted into a single bed.The storage space under the seat has room for bedlinen or other things.Just as nice to look at from all sides – perfect to place in the middle of the room or use as a room divider.The cushion cover is easy to keep clean and fresh, as you can take it off and machine-wash it.Easy to assemble.1 cushion included.",83.0,86.0,92.0
50294793,HANVIKEN,Cabinets & cupboards,100.0,No old price,True,https://www.ikea.com/sa/en/p/hanviken-door-black-brown-50294793/,Yes,"        Door,          60x64 cm",Marcus Arvonen,,64.0,60.0
410083,STRÅFLY,Chairs,15.0,No old price,True,https://www.ikea.com/sa/en/p/strafly-chair-pad-dark-grey-00410083/,No,"        Chair pad,          36 cm",IKEA of Sweden,,,
19297275,NORRÅKER / NORRÅKER,Tables & desks,1266.0,"SR 1,385",True,https://www.ikea.com/sa/en/p/norraker-norraker-bar-table-and-2-bar-stools-birch-birch-s19297275/,No,"        Bar table and 2 bar stools,          74 cm",J Karlsson/N Karlsson,,,
70228325,RESÖ,Outdoor furniture,205.0,No old price,True,https://www.ikea.com/sa/en/p/resoe-childrens-picnic-table-grey-brown-stained-grey-brown-70228325/,No,        Children's picnic table,IKEA of Sweden,,49.0,89.0
60282186,LACK,Bookcases & shelving units,199.0,No old price,True,https://www.ikea.com/sa/en/p/lack-wall-shelf-unit-white-60282186/,Yes,"        Wall shelf unit,          30x190 cm",C Halskov/H Dalsgaard,28.0,190.0,30.0
20338411,BAGGANÄS,Bookcases & shelving units,50.0,No old price,True,https://www.ikea.com/sa/en/p/bagganaes-handle-brass-colour-20338411/,Yes,"        Handle,          335 mm",H Preutz/A Fredriksson,31.0,,9.0
49303958,BROR,Bookcases & shelving units,1545.0,No old price,True,https://www.ikea.com/sa/en/p/bror-shelving-unit-white-s49303958/,No,"        Shelving unit,          254x40x190 cm",IKEA of Sweden,40.0,190.0,254.0
69281804,BILLY / OXBERG,Cabinets & cupboards,915.0,No old price,True,https://www.ikea.com/sa/en/p/billy-oxberg-bookcase-with-glass-doors-white-s69281804/,Yes,"        Bookcase with glass-doors,          120x30x202 cm",Gillis Lundgren,30.0,202.0,120.0
20403562,MALM,Chests of drawers & drawer units,295.0,No old price,True,https://www.ikea.com/sa/en/p/malm-chest-of-3-drawers-white-20403562/,Yes,"        Chest of 3 drawers,          80x78 cm",IKEA of Sweden,48.0,78.0,80.0
29277700,VALLENTUNA,Sofas & armchairs,3896.0,"SR 4,870",True,https://www.ikea.com/sa/en/p/vallentuna-2-seat-modular-sofa-w-2-sofa-beds-hillared-light-blue-s29277700/,Yes,        2-seat modular sofa w 2 sofa-beds,IKEA of Sweden/Fredriksson/L Löwenhielm/Hilland,113.0,84.0,186.0
49259743,SVENBERTIL,Café furniture,275.0,No old price,True,https://www.ikea.com/sa/en/p/svenbertil-chair-with-armrests-white-dietmar-white-s49259743/,Yes,        Chair with armrests,Mia Lagerman,50.0,84.0,53.0
69276256,MÖCKELBY / HENRIKSDAL,Chairs,4265.0,No old price,True,https://www.ikea.com/sa/en/p/moeckelby-henriksdal-table-and-6-chairs-white-blekinge-white-s69276256/,No,"        Table and 6 chairs,          235x100 cm",Marcus Arvonen/IKEA of Sweden,,74.0,100.0
69287537,DELAKTIG,Beds,2095.0,No old price,True,https://www.ikea.com/sa/en/p/delaktig-bed-frame-with-headboard-aluminium-black-s69287537/,No,"        Bed frame with headboard,          160x200 cm",IKEA of Sweden/Tom Dixon,,99.0,164.0
30409035,LISTERBY,Tables & desks,495.0,No old price,True,https://www.ikea.com/sa/en/p/listerby-console-table-brown-30409035/,No,"        Console table,          92x38x71 cm",Henrik Preutz,,71.0,38.0
39253176,STUVA / FRITIDS,Nursery furniture,995.0,No old price,True,https://www.ikea.com/sa/en/p/stuva-fritids-cot-with-drawers-light-blue-s39253176/,No,"        Cot with drawers,          60x120 cm",Ebba Strandmark,,86.0,66.0
59259691,DELAKTIG,Sofas & armchairs,3900.0,No old price,True,https://www.ikea.com/sa/en/p/delaktig-3-seat-sofa-hillared-dark-blue-s59259691/,Yes,        3-seat sofa,Tom Dixon,84.0,79.0,204.0
39297236,NORRÅKER / NORRARYD,Tables & desks,1636.0,"SR 2,045",True,https://www.ikea.com/sa/en/p/norraker-norraryd-table-and-4-chairs-birch-white-s39297236/,No,"        Table and 4 chairs,          125x74 cm",J Karlsson/N Karlsson/Nike Karlsson,,,74.0
60414257,VASSVIKEN,TV & media furniture,75.0,No old price,True,https://www.ikea.com/sa/en/p/vassviken-drawer-front-white-60414257/,No,"        Drawer front,          60x26 cm",IKEA of Sweden,,26.0,60.0
59201841,OLAUS,Bookcases & shelving units,290.0,SR 350,True,https://www.ikea.com/sa/en/p/olaus-1-shelf-section-s59201841/,No,"        1 shelf section,          92x36x181 cm",IKEA of Sweden,36.0,181.0,92.0
20330599,UPPLEVA,TV & media furniture,199.0,No old price,True,https://www.ikea.com/sa/en/p/uppleva-bracket-for-tv-swivel-light-grey-20330599/,No,"        Bracket for TV, swivel,          37-55 ""","203.305.99 The TV-bracket can be angled for change of viewing position, and easy access to cables and connections.The TV bracket has integrated cable management so you can easily gather and conceal wires for a neater TV solution.UPPLEVA TV-brackets are VESA-compatibleFits most 37-55"" flat screen TVs.Fits MOSTORP, MALSJÖ and BESTÅ TV benches.",,,
90434310,ULRIKSBERG,Chairs,445.0,No old price,True,https://www.ikea.com/sa/en/p/ulriksberg-armchair-rattan-anthracite-90434310/,No,        Armchair,A Fredriksson/J Hultqvist/W Chong,74.0,76.0,67.0
90229017,BUSUNGE,Beds,795.0,No old price,True,https://www.ikea.com/sa/en/p/busunge-extendable-bed-light-pink-90229017/,No,"        Extendable bed,          80x200 cm",Carl Öjerstam,,,90.0
211088,STEFAN,Chairs,85.0,No old price,True,https://www.ikea.com/sa/en/p/stefan-chair-brown-black-00211088/,No,        Chair,IKEA of Sweden,49.0,90.0,42.0
59161562,TORSBY / BERNHARD,Chairs,3875.0,No old price,True,https://www.ikea.com/sa/en/p/torsby-bernhard-table-and-4-chairs-high-gloss-white-kavat-white-s59161562/,No,"        Table and 4 chairs,          135 cm",Carl Öjerstam/Ola Wihlborg/IKEA of Sweden,,,
29214213,LINNMON / GODVIN,Tables & desks,185.0,No old price,True,https://www.ikea.com/sa/en/p/linnmon-godvin-table-white-white-stained-oak-effect-white-s29214213/,Yes,"        Table,          120x60 cm",IKEA of Sweden,,74.0,60.0
69221344,EKEDALEN / ODGER,Tables & desks,1975.0,No old price,True,https://www.ikea.com/sa/en/p/ekedalen-odger-table-and-4-chairs-white-blue-s69221344/,No,"        Table and 4 chairs,          120/180 cm",Ehlén Johansson/J Löfgren/J Pettersson,,,
89140002,NORSBORG,Sofas & armchairs,900.0,"SR 1,125",True,https://www.ikea.com/sa/en/p/norsborg-cover-for-4-seat-sofa-with-chaise-longue-finnsta-finnsta-dark-grey-s89140002/,Yes,        Cover for 4-seat sofa,Ehlén Johansson,,,
99335985,FREKVENS,Outdoor furniture,619.0,SR 855,True,https://www.ikea.com/sa/en/p/frekvens-bar-table-and-2-bar-stools-s99335985/,No,        Bar table and 2 bar stools,Nicholai Wiig Hansen,,,
69297292,YPPERLIG / NILSOVE,Chairs,2575.0,No old price,True,https://www.ikea.com/sa/en/p/ypperlig-nilsove-table-and-4-chairs-ash-rattan-white-s69297292/,No,"        Table and 4 chairs,          200x90 cm",HAY/A Fredriksson/J Hultqvist/W Chong,,,90.0
59305042,LISABO / ODGER,Tables & desks,1875.0,No old price,True,https://www.ikea.com/sa/en/p/lisabo-odger-table-and-4-chairs-ash-veneer-anthracite-s59305042/,No,"        Table and 4 chairs,          140x78 cm",K Hagberg/M Hagberg/J Löfgren/J Pettersson,,74.0,78.0
89386070,SLÄKT,Beds,1260.0,No old price,True,https://www.ikea.com/sa/en/p/slaekt-bed-frame-with-3-storage-boxes-white-s89386070/,No,"        Bed frame with 3 storage boxes,          90x200 cm",Ebba Strandmark/IKEA of Sweden,53.0,35.0,96.0
39297255,NORRÅKER / RÖNNINGE,Tables & desks,1085.0,No old price,True,https://www.ikea.com/sa/en/p/norraker-roenninge-table-and-2-chairs-birch-green-s39297255/,No,"        Table and 2 chairs,          74x74 cm",J Karlsson/N Karlsson/Maja Ganszyniec,,,74.0
70410744,HUSARÖ,Outdoor furniture,245.0,No old price,True,https://www.ikea.com/sa/en/p/husaroe-side-table-outdoor-dark-grey-70410744/,No,"        Side table, outdoor,          49x49 cm",Ola Wihlborg,,73.0,49.0
59048397,ÄPPLARÖ,Outdoor furniture,1845.0,No old price,True,https://www.ikea.com/sa/en/p/aepplaroe-table-4-reclining-chairs-outdoor-brown-stained-s59048397/,Yes,"        Table+4 reclining chairs, outdoor",K Hagberg/M Hagberg,,,
50414210,HAVSTA,Tables & desks,445.0,No old price,True,https://www.ikea.com/sa/en/p/havsta-nest-of-tables-set-of-2-grey-50414210/,Yes,"        Nest of tables, set of 2",IKEA of Sweden,,,
29125410,NORSBORG,Chairs,1740.0,"SR 2,175",True,https://www.ikea.com/sa/en/p/norsborg-chaise-longue-finnsta-dark-grey-birch-s29125410/,Yes,        Chaise longue,Ehlén Johansson,157.0,85.0,110.0
40320349,SETSKOG,Tables & desks,159.0,No old price,True,https://www.ikea.com/sa/en/p/setskog-bedside-table-white-40320349/,No,"        Bedside table,          45x35 cm",K Hagberg/M Hagberg,35.0,65.0,45.0
59131626,MÖRBYLÅNGA / BERNHARD,Chairs,6965.0,No old price,True,https://www.ikea.com/sa/en/p/moerbylanga-bernhard-table-and-6-chairs-brown-kavat-white-s59131626/,No,"        Table and 6 chairs,          220x100 cm",Ola Wihlborg/S Lanneskog/J Marnell,,74.0,100.0
20270816,ASKVOLL,Tables & desks,175.0,No old price,True,https://www.ikea.com/sa/en/p/askvoll-chest-of-2-drawers-white-stained-oak-effect-white-20270816/,No,"        Chest of 2 drawers,          41x48 cm",K Hagberg/M Hagberg,41.0,48.0,41.0
59266074,LIDHULT,Beds,7873.0,"SR 9,430",True,https://www.ikea.com/sa/en/p/lidhult-3-seat-sofa-bed-with-chaise-longue-grann-bomstad-dark-brown-s59266074/,No,        3-seat sofa-bed,Henrik Preutz/IKEA of Sweden,164.0,102.0,298.0
60389192,HAVSTA,Cabinets & cupboards,845.0,No old price,True,https://www.ikea.com/sa/en/p/havsta-cabinet-white-60389192/,Yes,"        Cabinet,          81x35x123 cm",IKEA of Sweden,35.0,123.0,81.0
9217972,VIMLE,Sofas & armchairs,1400.0,No old price,True,https://www.ikea.com/sa/en/p/vimle-cover-for-corner-sofa-5-seat-orrsta-black-blue-s09217972/,Yes,"        Cover for corner sofa, 5-seat",Ehlén Johansson,,,
90402352,VOLFGANG,Chairs,375.0,No old price,True,https://www.ikea.com/sa/en/p/volfgang-chair-chrome-plated-bomstad-black-90402352/,No,        Chair,IKEA of Sweden,53.0,90.0,50.0
59278307,KALLAX,"Sideboards, buffets & console tables",500.0,No old price,True,https://www.ikea.com/sa/en/p/kallax-shelving-unit-with-4-inserts-white-s59278307/,Yes,"        Shelving unit with 4 inserts,          77x147 cm",Tord Björklund,39.0,147.0,77.0
80314704,YTTERÖN,Outdoor furniture,99.0,No old price,True,https://www.ikea.com/sa/en/p/ytteroen-seat-back-cushion-outdoor-blue-80314704/,No,"        Seat/back cushion, outdoor,          92x50 cm",IKEA of Sweden,,,50.0
275848,KALLAX,Bookcases & shelving units,195.0,No old price,True,https://www.ikea.com/sa/en/p/kallax-shelving-unit-white-00275848/,Yes,"        Shelving unit,          42x147 cm",Tord Björklund,39.0,147.0,42.0
10430033,DELAKTIG,Sofas & armchairs,100.0,No old price,True,https://www.ikea.com/sa/en/p/delaktig-cover-for-seat-cushion-armchair-gunnared-beige-10430033/,Yes,"        Cover for seat cushion, armchair",Tom Dixon,,,
99000483,TÄRENDÖ,Tables & desks,125.0,No old price,True,https://www.ikea.com/sa/en/p/taerendoe-table-black-s99000483/,No,"        Table,          110x67 cm",K Hagberg/M Hagberg,,74.0,67.0
59299381,BESTÅ,TV & media furniture,2370.0,No old price,True,https://www.ikea.com/sa/en/p/besta-tv-storage-combination-glass-doors-black-brown-hanviken-black-brown-clear-glass-s59299381/,Yes,"        TV storage combination/glass doors,          300x42x193 cm",Marcus Arvonen/IKEA of Sweden,42.0,193.0,300.0
80308393,RÅSKOG,Chairs,84.0,SR 105,True,https://www.ikea.com/sa/en/p/raskog-stool-beige-80308393/,No,        Stool,Nike Karlsson,44.0,45.0,44.0
80433486,GODISHUS,Nursery furniture,295.0,No old price,True,https://www.ikea.com/sa/en/p/godishus-chest-of-3-drawers-white-80433486/,No,"        Chest of 3 drawers,          60x64 cm","804.334.86 Perfect height for small children. They can easily reach and find things on their own.With the included colourful stickers, you can quickly label the drawers in your own personal way.You can also write with chalk on the sticker to keep track of where you have your things.WARNING! TIPPING HAZARD – Unanchored furniture can tip over. This furniture shall be anchored to the wall with the enclosed safety fitting to prevent it from tipping over.Different wall materials require different types of fixing devices. Use fixing devices suitable for the walls in your home, sold separately.",40.0,64.0,60.0
79315945,STOCKSUND,Sofas & armchairs,995.0,No old price,True,https://www.ikea.com/sa/en/p/stocksund-bench-ljungen-medium-grey-light-brown-wood-s79315945/,Yes,        Bench,Nike Karlsson,49.0,47.0,144.0
79244665,POÄNG,Sofas & armchairs,195.0,No old price,True,https://www.ikea.com/sa/en/p/poaeng-footstool-birch-veneer-knisa-orange-red-orange-s79244665/,Yes,        Footstool,IKEA of Sweden/Noboru Nakamura,54.0,39.0,68.0
29278144,GRÖNLID,Sofas & armchairs,4270.0,No old price,True,https://www.ikea.com/sa/en/p/groenlid-3-seat-sofa-bed-with-open-end-ljungen-dark-red-s29278144/,Yes,        3-seat sofa-bed,Francis Cayouette/IKEA of Sweden/Ehlén Johansson,98.0,104.0,231.0
30360977,IDÅSEN,Cabinets & cupboards,995.0,No old price,True,https://www.ikea.com/sa/en/p/idasen-high-cabinet-with-drawer-and-doors-blue-30360977/,Yes,"        High cabinet with drawer and doors,          45x172 cm",Jon Karlsson,47.0,172.0,45.0
80372464,BEKANT,Tables & desks,49.0,No old price,True,https://www.ikea.com/sa/en/p/bekant-leg-white-80372464/,Yes,        Leg,Eva Lilja Löwenhielm,,12.0,
10460888,SMÅGÖRA,Wardrobes,495.0,No old price,True,https://www.ikea.com/sa/en/p/smagoera-wardrobe-white-10460888/,No,"        Wardrobe,          80x50x187 cm",IKEA of Sweden,50.0,187.0,80.0
99239489,NORDLI,Chests of drawers & drawer units,1880.0,"SR 2,350",True,https://www.ikea.com/sa/en/p/nordli-chest-of-12-drawers-white-s99239489/,No,"        Chest of 12 drawers,          120x145 cm",Ola Wihlborg,47.0,145.0,120.0
19282085,BEKANT,Tables & desks,2950.0,No old price,True,https://www.ikea.com/sa/en/p/bekant-desk-sit-stand-white-stained-oak-veneer-white-s19282085/,Yes,"        Desk sit/stand,          160x80 cm",K Malmvall/E Lilja Löwenhielm,,,80.0
347888,EDVALLA,Bookcases & shelving units,25.0,No old price,True,https://www.ikea.com/sa/en/p/edvalla-drop-handle-black-00347888/,No,"        Drop handle,          18 mm",Francis Cayouette,11.0,,33.0
69276256,MÖCKELBY / HENRIKSDAL,Tables & desks,4265.0,No old price,True,https://www.ikea.com/sa/en/p/moeckelby-henriksdal-table-and-6-chairs-white-blekinge-white-s69276256/,No,"        Table and 6 chairs,          235x100 cm",Marcus Arvonen/IKEA of Sweden,,74.0,100.0
80417636,YNGVAR,Café furniture,395.0,No old price,True,https://www.ikea.com/sa/en/p/yngvar-chair-anthracite-80417636/,No,        Chair,IKEA of Sweden,51.0,71.0,53.0
89227731,SLÄKT,Beds,995.0,No old price,True,https://www.ikea.com/sa/en/p/slaekt-bed-frame-with-underbed-and-storage-white-s89227731/,No,"        Bed frame with underbed and storage,          90x200 cm",Ebba Strandmark/IKEA of Sweden,57.0,,96.0
79228590,TROFAST,Nursery furniture,200.0,No old price,True,https://www.ikea.com/sa/en/p/trofast-storage-combination-white-green-white-s79228590/,Yes,"        Storage combination,          46x30x94 cm",Studio Copenhagen,30.0,94.0,46.0
79217902,SANDBACKEN,Sofas & armchairs,1841.0,"SR 1,950",True,https://www.ikea.com/sa/en/p/sandbacken-corner-sofa-bed-lofallet-beige-s79217902/,Yes,        Corner sofa-bed,David Wahl/Lisa Hilland/IKEA of Sweden,,69.0,212.0
80153800,TROFAST,Nursery furniture,275.0,No old price,True,https://www.ikea.com/sa/en/p/trofast-frame-white-80153800/,No,"        Frame,          99x44x56 cm",Studio Copenhagen,44.0,56.0,99.0
60340389,BURVIK,Tables & desks,129.0,No old price,True,https://www.ikea.com/sa/en/p/burvik-side-table-white-60340389/,Yes,"        Side table,          38 cm",Mikael Axelsson,,78.0,
49221439,EKEDALEN / HENRIKSDAL,Chairs,2765.0,No old price,True,https://www.ikea.com/sa/en/p/ekedalen-henriksdal-table-and-6-chairs-brown-orrsta-light-grey-s49221439/,No,"        Table and 6 chairs,          180/240 cm",Ehlén Johansson/IKEA of Sweden,,,
40347886,EDVALLA,TV & media furniture,25.0,No old price,True,https://www.ikea.com/sa/en/p/edvalla-drop-handle-brass-colour-40347886/,No,"        Drop handle,          18 mm",Francis Cayouette,11.0,,33.0
60365167,MAMMUT,Children's furniture,129.0,No old price,True,https://www.ikea.com/sa/en/p/mammut-childrens-table-in-outdoor-red-60365167/,No,"        Children's table,          77x55 cm",M Kjelstrup/A Östgaard,,48.0,55.0
80419070,FUSION,Chairs,1196.0,"SR 1,495",True,https://www.ikea.com/sa/en/p/fusion-table-and-4-chairs-black-brown-chrome-plated-80419070/,No,        Table and 4 chairs,"804.190.70 The shape of the chair backs are adapted to fit the corners of the table, so you save space when the chairs are pushed up against the table.Table (length 84 cm, width 84 cm, height 75 cm). Chair (width 61 cm, depth 53 cm, height 76 cm, seat height 46 cm, seat width 55 cm, seat depth 39 cm).",,,
19022808,BEKANT,Tables & desks,1120.0,"SR 1,400",True,https://www.ikea.com/sa/en/p/bekant-desk-white-s19022808/,Yes,"        Desk,          160x80 cm",K Malmvall/E Lilja Löwenhielm,80.0,,
29278262,KALLAX,Bookcases & shelving units,745.0,No old price,True,https://www.ikea.com/sa/en/p/kallax-shelving-unit-with-6-inserts-white-s29278262/,Yes,"        Shelving unit with 6 inserts,          112x147 cm",Tord Björklund,39.0,147.0,112.0
9213931,KLIMPEN,Tables & desks,1590.0,No old price,True,https://www.ikea.com/sa/en/p/klimpen-table-grey-light-grey-s09213931/,No,"        Table,          150x75 cm",Tina Christensen,,73.0,75.0
334536,EKET,Bookcases & shelving units,235.0,No old price,True,https://www.ikea.com/sa/en/p/eket-cabinet-with-4-compartments-dark-grey-00334536/,Yes,"        Cabinet with 4 compartments,          70x35x70 cm",Jon Karlsson,35.0,70.0,70.0
20307037,GULLIVER,Tables & desks,795.0,No old price,True,https://www.ikea.com/sa/en/p/gulliver-changing-table-white-20307037/,No,        Changing table,IKEA of Sweden,54.0,93.0,82.0
40033763,IVAR,Cabinets & cupboards,295.0,No old price,True,https://www.ikea.com/sa/en/p/ivar-cabinet-pine-40033763/,No,"        Cabinet,          80x30x83 cm",IKEA of Sweden,30.0,83.0,80.0
49046068,SUNDVIK,Beds,849.0,No old price,True,https://www.ikea.com/sa/en/p/sundvik-ext-bed-frame-with-slatted-bed-base-white-s49046068/,No,"        Ext bed frame with slatted bed base,          80x200 cm",IKEA of Sweden,,80.0,
39221190,TINGBY / LEIFARNE,Chairs,2165.0,No old price,True,https://www.ikea.com/sa/en/p/tingby-leifarne-table-and-6-chairs-white-white-s39221190/,No,"        Table and 6 chairs,          180 cm",Mia Lagerman/Mikael Warnhammar,,,
30263844,BILLY,Bookcases & shelving units,115.0,No old price,True,https://www.ikea.com/sa/en/p/billy-bookcase-white-30263844/,Yes,"        Bookcase,          80x28x106 cm",Gillis Lundgren,28.0,106.0,80.0
286677,HEJNE,Bookcases & shelving units,35.0,No old price,True,https://www.ikea.com/sa/en/p/hejne-post-softwood-00286677/,No,"        Post,          171 cm 2 pack",IKEA of Sweden,,171.0,
90226797,UPPLEVA,Cabinets & cupboards,145.0,No old price,True,https://www.ikea.com/sa/en/p/uppleva-wall-bracket-for-tv-fixed-90226797/,No,"        Wall bracket for TV, fixed,          37-55 """,IKEA of Sweden,,,
79254659,GRÖNLID,Sofas & armchairs,200.0,No old price,True,https://www.ikea.com/sa/en/p/groenlid-armrest-inseros-white-s79254659/,Yes,        Armrest,Francis Cayouette,93.0,68.0,18.0
40419958,JONAXEL,Bookcases & shelving units,70.0,No old price,True,https://www.ikea.com/sa/en/p/jonaxel-frame-white-40419958/,Yes,"        Frame,          50x51x70 cm",IKEA of Sweden,51.0,70.0,50.0
50312909,BUSSAN,Children's furniture,525.0,No old price,True,https://www.ikea.com/sa/en/p/bussan-beanbag-in-outdoor-grey-50312909/,No,"        Beanbag, in/outdoor",Anna Efverlund,,,67.0
30439476,NORDKISA,Wardrobes,895.0,No old price,True,https://www.ikea.com/sa/en/p/nordkisa-open-wardrobe-with-sliding-door-bamboo-30439476/,No,"        Open wardrobe with sliding door,          120x123 cm",L Hilland/J Karlsson,47.0,123.0,120.0
69304754,IVAR,Bookcases & shelving units,1745.0,No old price,True,https://www.ikea.com/sa/en/p/ivar-shelving-unit-w-tbl-cabinets-shlvs-pine-s69304754/,No,"        Shelving unit w tbl/cabinets/shlvs,          259x30-104x179 cm",IKEA of Sweden,30.0,179.0,259.0
49123405,TROFAST,Nursery furniture,350.0,No old price,True,https://www.ikea.com/sa/en/p/trofast-storage-combination-white-white-s49123405/,No,"        Storage combination,          99x44x56 cm",Studio Copenhagen,44.0,56.0,99.0
40309257,HEMNES,"Sideboards, buffets & console tables",1395.0,No old price,True,https://www.ikea.com/sa/en/p/hemnes-sideboard-white-stain-40309257/,Yes,"        Sideboard,          157x88 cm",Carina Bengs,47.0,88.0,157.0
40339004,NORRÅKER,Bar furniture,595.0,No old price,True,https://www.ikea.com/sa/en/p/norraker-bar-table-black-40339004/,Yes,"        Bar table,          74x74 cm",J Karlsson/N Karlsson,,102.0,74.0
50415196,HAVSTA,Cabinets & cupboards,695.0,No old price,True,https://www.ikea.com/sa/en/p/havsta-cabinet-with-plinth-grey-50415196/,Yes,"        Cabinet with plinth,          81x47x89 cm",IKEA of Sweden,47.0,89.0,81.0
45932080,SULTAN,Beds,50.0,No old price,True,https://www.ikea.com/sa/en/p/sultan-supporting-leg-black-45932080/,No,        Supporting leg,IKEA of Sweden,,,
90420332,FREKVENS,Tables & desks,265.0,No old price,True,https://www.ikea.com/sa/en/p/frekvens-bar-table-in-outdoor-black-90420332/,No,"        Bar table, in/outdoor,          51x51 cm",Nicholai Wiig Hansen,,99.0,51.0
19930205,ALGOT,Bookcases & shelving units,414.0,SR 530,True,https://www.ikea.com/sa/en/p/algot-wall-upright-shelves-white-s19930205/,No,"        Wall upright/shelves,          132x41x199 cm",Francis Cayouette,41.0,199.0,132.0
294795,HANVIKEN,Bookcases & shelving units,75.0,No old price,True,https://www.ikea.com/sa/en/p/hanviken-door-drawer-front-black-brown-00294795/,Yes,"        Door/drawer front,          60x38 cm",Marcus Arvonen,,38.0,60.0
69912770,TRYSIL,Beds,525.0,No old price,True,https://www.ikea.com/sa/en/p/trysil-bed-frame-white-light-grey-s69912770/,Yes,"        Bed frame,          160x200 cm",K Hagberg/M Hagberg/IKEA of Sweden,,,165.0
39297156,STENSELE / RÖNNINGE,Café furniture,1140.0,No old price,True,https://www.ikea.com/sa/en/p/stensele-roenninge-table-and-2-chairs-anthracite-anthracite-green-s39297156/,No,        Table and 2 chairs,Maja Ganszyniec,,,
10407136,IKEA PS LÖMSK,Children's furniture,345.0,No old price,True,https://www.ikea.com/sa/en/p/ikea-ps-loemsk-swivel-armchair-white-red-10407136/,No,        Swivel armchair,Monika Mulder,62.0,75.0,59.0
80433486,GODISHUS,Chests of drawers & drawer units,295.0,No old price,True,https://www.ikea.com/sa/en/p/godishus-chest-of-3-drawers-white-80433486/,No,"        Chest of 3 drawers,          60x64 cm","804.334.86 Perfect height for small children. They can easily reach and find things on their own.With the included colourful stickers, you can quickly label the drawers in your own personal way.You can also write with chalk on the sticker to keep track of where you have your things.WARNING! TIPPING HAZARD – Unanchored furniture can tip over. This furniture shall be anchored to the wall with the enclosed safety fitting to prevent it from tipping over.Different wall materials require different types of fixing devices. Use fixing devices suitable for the walls in your home, sold separately.",40.0,64.0,60.0
79286820,BEKANT,Tables & desks,1039.0,No old price,True,https://www.ikea.com/sa/en/p/bekant-storage-unit-with-smart-lock-mesh-white-s79286820/,Yes,"        Storage unit with smart lock,          41x101 cm",IKEA of Sweden/Eva Lilja Löwenhielm,45.0,101.0,41.0
40365371,MAMMUT,Outdoor furniture,59.0,No old price,True,https://www.ikea.com/sa/en/p/mammut-childrens-chair-in-outdoor-white-40365371/,No,        Children's chair,M Kjelstrup/A Östgaard,36.0,67.0,39.0
89253169,STUVA / FRITIDS,Nursery furniture,995.0,No old price,True,https://www.ikea.com/sa/en/p/stuva-fritids-cot-with-drawers-white-s89253169/,No,"        Cot with drawers,          60x120 cm",Ebba Strandmark,,86.0,66.0
30091452,TROFAST,Nursery furniture,150.0,No old price,True,https://www.ikea.com/sa/en/p/trofast-frame-white-30091452/,No,"        Frame,          46x30x94 cm",Studio Copenhagen,30.0,94.0,46.0
59276228,VADHOLMA,Trolleys,2295.0,No old price,True,https://www.ikea.com/sa/en/p/vadholma-kitchen-island-with-rack-black-oak-s59276228/,No,"        Kitchen island with rack,          126x79x193 cm",Ebba Strandmark,79.0,90.0,126.0
49277105,VALLENTUNA,Beds,4488.0,"SR 5,610",True,https://www.ikea.com/sa/en/p/vallentuna-3-seat-modular-sofa-with-sofa-bed-and-storage-hillared-murum-dark-grey-black-s49277105/,Yes,        3-seat modular sofa with sofa-bed,Fredriksson/L Löwenhielm/Hilland,,84.0,266.0
59248867,LIXHULT,Cabinets & cupboards,580.0,No old price,True,https://www.ikea.com/sa/en/p/lixhult-storage-combination-dark-blue-s59248867/,Yes,"        Storage combination,          140x82 cm",Jon Karlsson,35.0,60.0,140.0
89305795,PAX,Wardrobes,1890.0,No old price,True,https://www.ikea.com/sa/en/p/pax-wardrobe-black-brown-black-brown-stained-ash-effect-mehamn-black-brown-stained-ash-effect-s89305795/,No,"        Wardrobe,          150x66x236 cm",IKEA of Sweden/Ehlén Johansson,66.0,236.0,150.0
50422494,GODISHUS,Wardrobes,395.0,No old price,True,https://www.ikea.com/sa/en/p/godishus-wardrobe-white-50422494/,No,"        Wardrobe,          60x51x178 cm","504.224.94 You can position the shelf and clothes rail in two different ways – clothes rail at the top and shelf down below, or both together at the top of the wardrobe.Deep enough to hold standard-sized adult hangers.With the included colourful stickers, you can quickly label the doors in your own personal way.You can also write with chalk on the sticker to keep track of where you have your things.WARNING! TIPPING HAZARD – Unanchored furniture can tip over. This furniture shall be anchored to the wall with the enclosed safety fitting to prevent it from tipping over.Different wall materials require different types of fixing devices. Use fixing devices suitable for the walls in your home, sold separately.",51.0,178.0,60.0
248567,SUNDVIK,Nursery furniture,695.0,No old price,True,https://www.ikea.com/sa/en/p/sundvik-cot-white-00248567/,No,"        Cot,          60x120 cm",IKEA of Sweden,,85.0,67.0
29174976,LÅNGFJÄLL,Chairs,545.0,No old price,True,https://www.ikea.com/sa/en/p/langfjaell-conference-chair-gunnared-blue-black-s29174976/,Yes,        Conference chair,Eva Lilja Löwenhielm,67.0,,67.0
69155853,BILLY,Bookcases & shelving units,1510.0,No old price,True,https://www.ikea.com/sa/en/p/billy-bookcase-brown-ash-veneer-s69155853/,Yes,"        Bookcase,          215/135x28x237 cm",Gillis Lundgren/IKEA of Sweden,28.0,237.0,280.0
69304829,MARKERAD,Beds,1092.0,"SR 1,590",True,https://www.ikea.com/sa/en/p/markerad-day-bed-s69304829/,No,"        Day-bed,          80x200 cm",IKEA of Sweden/Virgil Abloh,,,80.0
40399012,GRÖNLID,Sofas & armchairs,350.0,No old price,True,https://www.ikea.com/sa/en/p/groenlid-cover-for-armchair-sporda-natural-40399012/,Yes,        Cover for armchair,IKEA of Sweden,,,
70245952,BESTÅ,Bookcases & shelving units,170.0,No old price,True,https://www.ikea.com/sa/en/p/besta-frame-black-brown-70245952/,Yes,"        Frame,          120x40x38 cm",IKEA of Sweden,40.0,38.0,120.0
59285384,VIMLE,Sofas & armchairs,1290.0,No old price,True,https://www.ikea.com/sa/en/p/vimle-chaise-longue-section-gunnared-beige-s59285384/,Yes,        Chaise longue section,Ehlén Johansson,164.0,83.0,81.0
9288224,STENSELE,Café furniture,550.0,No old price,True,https://www.ikea.com/sa/en/p/stensele-bar-table-anthracite-anthracite-s09288224/,No,"        Bar table,          70 cm",Maja Ganszyniec,,105.0,
30415625,GRUNDSUND,Tables & desks,345.0,No old price,True,https://www.ikea.com/sa/en/p/grundsund-nest-of-tables-set-of-3-white-30415625/,No,"        Nest of tables, set of 3","304.156.25 Can be used individually or be pushed together to save space.Low weight; easy to move.Sizes: (length x width x height) 27x22x35 cm, 36x26x38 cm, 45x30x40 cm.",,,
49287920,SOLLERÖN,Outdoor furniture,4888.0,No old price,True,https://www.ikea.com/sa/en/p/solleroen-4-seat-conversation-set-outdoor-dark-grey-froesoen-duvholmen-beige-s49287920/,Yes,"        4-seat conversation set, outdoor",Jonas Hultqvist/IKEA of Sweden/Eva Lilja Löwenhielm,,,
80322855,BERGHALLA,Cabinets & cupboards,22.0,No old price,True,https://www.ikea.com/sa/en/p/berghalla-handle-white-80322855/,Yes,"        Handle,          56 mm",H Preutz/A Fredriksson,32.0,,9.0
10441786,ÖRFJÄLL,Children's furniture,195.0,No old price,True,https://www.ikea.com/sa/en/p/oerfjaell-childrens-desk-chair-white-vissle-dark-grey-10441786/,No,        Children's desk chair,S Holmbäck/U Nordentoft,53.0,,53.0
59228746,BILLY / OXBERG,Cabinets & cupboards,1390.0,No old price,True,https://www.ikea.com/sa/en/p/billy-oxberg-bookcase-black-brown-glass-s59228746/,Yes,"        Bookcase,          160x30x202 cm",Gillis Lundgren,30.0,202.0,160.0
60417897,DUVHOLMEN,Outdoor furniture,35.0,No old price,True,https://www.ikea.com/sa/en/p/duvholmen-inner-cushion-for-chair-cushion-outdoor-grey-60417897/,No,"        Inner cushion for chair cushion,          50x50 cm",IKEA of Sweden,50.0,,50.0
59254641,GRÖNLID,Sofas & armchairs,745.0,No old price,True,https://www.ikea.com/sa/en/p/groenlid-1-seat-section-inseros-white-s59254641/,Yes,        1-seat section,Francis Cayouette/Ehlén Johansson,98.0,104.0,71.0
89220131,VIMLE,Sofas & armchairs,810.0,No old price,True,https://www.ikea.com/sa/en/p/vimle-1-seat-section-orrsta-black-blue-s89220131/,Yes,        1-seat section,Ehlén Johansson,98.0,80.0,71.0
9278003,VALLENTUNA,Beds,5780.0,"SR 7,225",True,https://www.ikea.com/sa/en/p/vallentuna-modular-corner-sofa-3-seat-sofa-bed-and-storage-murum-white-s09278003/,Yes,        Modular corner sofa 3-seat+sofa-bed,Ehlén Johansson,93.0,84.0,266.0
19246144,SKOGSTA / NORRARYD,Chairs,3555.0,"SR 3,945",True,https://www.ikea.com/sa/en/p/skogsta-norraryd-table-and-6-chairs-acacia-black-s19246144/,No,"        Table and 6 chairs,          235x100 cm",Marcus Arvonen/Nike Karlsson,,74.0,100.0
39046403,KIVIK,Sofas & armchairs,2650.0,No old price,True,https://www.ikea.com/sa/en/p/kivik-corner-section-orrsta-light-grey-s39046403/,Yes,        Corner section,Ola Wihlborg,94.0,83.0,234.0
19239997,NORSBORG,Sofas & armchairs,4220.0,"SR 5,275",True,https://www.ikea.com/sa/en/p/norsborg-4-seat-sofa-with-chaise-longues-edum-birch-edum-beige-birch-s19239997/,Yes,        4-seat sofa,Ehlén Johansson,,85.0,309.0
80336433,GUBBARP,Cabinets & cupboards,3.0,No old price,True,https://www.ikea.com/sa/en/p/gubbarp-knob-white-80336433/,Yes,"        Knob,          21 mm",H Preutz/A Fredriksson,27.0,,
99323925,STENSELE,Bar furniture,550.0,No old price,True,https://www.ikea.com/sa/en/p/stensele-bar-table-anthracite-anthracite-s99323925/,No,"        Bar table,          70x70 cm",Maja Ganszyniec,,104.0,70.0
90344507,STOCKHOLM 2017,Tables & desks,516.0,SR 645,True,https://www.ikea.com/sa/en/p/stockholm-2017-pouffe-sandbacka-dark-grey-90344507/,Yes,"        Pouffe,          50x50 cm",Ola Wihlborg,,42.0,50.0
79248668,LIXHULT,Cabinets & cupboards,297.0,No old price,True,https://www.ikea.com/sa/en/p/lixhult-storage-combination-orange-dark-green-s79248668/,No,"        Storage combination,          105x70 cm",Jon Karlsson,35.0,70.0,105.0
69291394,PLATSA,TV & media furniture,1735.5,"SR 2,010",True,https://www.ikea.com/sa/en/p/platsa-media-storage-combination-s69291394/,No,"        Media storage combination,          280x42x191 cm",Ola Wihlborg/IKEA of Sweden,42.0,191.0,280.0
